dataset_id,field,value,status,evidence_url,evidence_locator,verification_scope,checked_utc,limitation
93915,title,"ATLAS ROOT ntuple format Run 2 2015+2016 proton-proton collision data beta release, GamGam skim",VERIFIED,https://opendata.cern.ch/api/records/93915,metadata.title,record_metadata,2026-10-09,Year fields have different meanings; publication year is not data-taking coverage.
93915,doi,10.7483/OPENDATA.ATLAS.GYRR.GRP3,VERIFIED,https://opendata.cern.ch/api/records/93915,metadata.doi,record_metadata,2026-10-09,Year fields have different meanings; publication year is not data-taking coverage.
93915,record_id,93915,VERIFIED,https://opendata.cern.ch/api/records/93915,metadata.recid,record_metadata,2026-10-09,Year fields have different meanings; publication year is not data-taking coverage.
93915,data_years,"[""2015"", ""2016""]",VERIFIED,https://opendata.cern.ch/api/records/93915,metadata.date_created,record_metadata,2026-10-09,Year fields have different meanings; publication year is not data-taking coverage.
93915,publication_year,2025,VERIFIED,https://opendata.cern.ch/api/records/93915,metadata.date_published,record_metadata,2026-10-09,Year fields have different meanings; publication year is not data-taking coverage.
93915,reprocessing_year,2020,VERIFIED,https://opendata.cern.ch/api/records/93915,metadata.date_reprocessed,record_metadata,2026-10-09,Year fields have different meanings; publication year is not data-taking coverage.
93915,run_period,"[""2015"", ""2016""]",VERIFIED,https://opendata.cern.ch/api/records/93915,metadata.run_period,record_metadata,2026-10-09,Year fields have different meanings; publication year is not data-taking coverage.
93915,collision_energy,13 TeV,VERIFIED,https://opendata.cern.ch/api/records/93915,metadata.collision_information.energy,record_metadata,2026-10-09,No Run-3 coverage in this record.
93915,collision_type,pp,VERIFIED,https://opendata.cern.ch/api/records/93915,metadata.collision_information.type,record_metadata,2026-10-09,Physical ROOT file not inspected.
93915,license,CC0,VERIFIED,https://opendata.cern.ch/api/records/93915,metadata.license,record_metadata,2026-10-09,Follow ATLAS citation/acknowledgement guidance.
93915,format,"[""root""]",VERIFIED,https://opendata.cern.ch/api/records/93915,metadata.distribution.formats,record_metadata,2026-10-09,Published count/size; not locally measured.
93915,event_count,36564144,VERIFIED,https://opendata.cern.ch/api/records/93915,metadata.distribution.number_events,record_metadata,2026-10-09,Published count/size; not locally measured.
93915,file_count,16,VERIFIED,https://opendata.cern.ch/api/records/93915,metadata.distribution.number_files,record_metadata,2026-10-09,Published count/size; not locally measured.
93915,size_bytes,9861498743,VERIFIED,https://opendata.cern.ch/api/records/93915,metadata.distribution.size,record_metadata,2026-10-09,Published count/size; not locally measured.
93915,actual_root_transfer_and_schema,Not attempted,UNKNOWN,https://opendata.cern.ch/api/records/93915,metadata usage and file/index links,runtime_not_tested,2026-10-09,Phase 0 prohibits event-level analysis and large datasets; no ROOT file opened.
93915,official_full_run2_run3_coverage,"Only 2015-2016, not 2015-2018 plus 2022-2024",NOT_AVAILABLE,https://opendata.cern.ch/api/records/93915,metadata.date_created,record_metadata,2026-10-09,"Scoped to this record, not all ATLAS public resources."
93915,exact_usable_luminosity,Not established for a selected file/selection,UNKNOWN,https://opendata.atlas.cern/docs/data/for_education/13TeV25_details,release-level coverage statement,documentation,2026-10-09,"Requires matched GRL, trigger and selected-period accounting; MC has no intrinsic observed luminosity."
93915,full_hh_likelihood,No complete public model/resource verified,ACCESS_UNVERIFIED,https://www.hepdata.net/record/ins2943676,collection/resource access returned HTTP 403,statistical_resource_access,2026-10-09,No absence claim; not part of the event record metadata.
93915,release_tag,2025 beta; ODEO_FEB2025_v0,VERIFIED,https://opendata.cern.ch/api/records/93915,metadata.title; metadata._files[].key,record_metadata,2026-10-09,Later producer v1.0.0 equivalence is UNKNOWN.
93915,published_skim,At least two photons with pT at least 25 GeV,VERIFIED,https://opendata.cern.ch/api/records/93915,metadata.abstract / methodology,record_metadata,2026-10-09,"Conditional selected sample, not inclusive collision acceptance."
93915,nominal_release_luminosity_fb_inverse,36,VERIFIED,https://opendata.atlas.cern/docs/data/for_education/13TeV25_details,release introduction,documentation,2026-10-09,Collision-release nominal luminosity; not exact luminosity of each file or intrinsic MC luminosity.
93915,hh_signal_and_coupling_variations,Collision record supplies no MC signal model; matched HH simulation not established,UNKNOWN,https://opendata.cern.ch/api/records/93922,companion MC index and versioned process metadata,index_inspection,2026-10-09,Collision objects alone cannot determine HH signal efficiency or coupling dependence.
93915,photon_kinematics,photon_n; photon_pt/eta/phi/e,VERIFIED,https://opendata.atlas.cern/docs/data/for_education/13TeV25_details,complete variable dictionary,documentation,2026-10-09,Documented existence only; exact file type/schema and working-point applicability untested.
93915,photon_identification,photon_isLooseID; photon_isTightID,VERIFIED,https://opendata.atlas.cern/docs/data/for_education/13TeV25_details,complete variable dictionary,documentation,2026-10-09,Documented existence only; exact file type/schema and working-point applicability untested.
93915,photon_isolation,photon_isLooseIso; photon_isTightIso; photon_ptcone20; photon_topoetcone40,VERIFIED,https://opendata.atlas.cern/docs/data/for_education/13TeV25_details,complete variable dictionary,documentation,2026-10-09,Documented existence only; exact file type/schema and working-point applicability untested.
93915,jet_kinematics,jet_n; jet_pt/eta/phi/e; jet_jvt,VERIFIED,https://opendata.atlas.cern/docs/data/for_education/13TeV25_details,complete variable dictionary,documentation,2026-10-09,Documented existence only; exact file type/schema and working-point applicability untested.
93915,btag_information,jet_btag_quantile,VERIFIED,https://opendata.atlas.cern/docs/data/for_education/13TeV25_details,complete variable dictionary,documentation,2026-10-09,Documented existence only; exact file type/schema and working-point applicability untested.
93915,nominal_btag_sf,ScaleFactor_BTAG,VERIFIED,https://opendata.atlas.cern/docs/data/for_education/13TeV25_details,complete variable dictionary,documentation,2026-10-09,Documented existence only; exact file type/schema and working-point applicability untested.
93915,nominal_photon_sf,ScaleFactor_PHOTON,VERIFIED,https://opendata.atlas.cern/docs/data/for_education/13TeV25_details,complete variable dictionary,documentation,2026-10-09,Documented existence only; exact file type/schema and working-point applicability untested.
93915,trigger_summary,trigP (single photon),VERIFIED,https://opendata.atlas.cern/docs/data/for_education/13TeV25_details,complete variable dictionary,documentation,2026-10-09,Documented existence only; exact file type/schema and working-point applicability untested.
93915,event_identifiers,runNumber; eventNumber; channelNumber,VERIFIED,https://opendata.atlas.cern/docs/data/for_education/13TeV25_details,complete variable dictionary,documentation,2026-10-09,Documented existence only; exact file type/schema and working-point applicability untested.
93915,mc_event_weight,mcWeight,VERIFIED,https://opendata.atlas.cern/docs/data/for_education/13TeV25_details,complete variable dictionary,documentation,2026-10-09,Documented existence only; exact file type/schema and working-point applicability untested.
93915,mc_normalisation_fields,xsec (pb); filteff; kfac; num_events; sum_of_weights; sum_of_weights_squared,VERIFIED,https://opendata.atlas.cern/docs/data/for_education/13TeV25_details,complete variable dictionary,documentation,2026-10-09,Documented existence only; exact file type/schema and working-point applicability untested.
93915,nominal_other_sf,ScaleFactor_PILEUP; ScaleFactor_JVT,VERIFIED,https://opendata.atlas.cern/docs/data/for_education/13TeV25_details,complete variable dictionary,documentation,2026-10-09,Documented existence only; exact file type/schema and working-point applicability untested.
93915,limited_jer_variations,jet_pt_jer1; jet_pt_jer2,VERIFIED,https://opendata.atlas.cern/docs/data/for_education/13TeV25_details,complete variable dictionary,documentation,2026-10-09,Documented existence only; exact file type/schema and working-point applicability untested.
93915,published_small_R_object_acceptance,anti-kt R=0.4; pT>20 GeV; abs(eta)<2.5,VERIFIED,https://opendata.atlas.cern/docs/data/for_education/13TeV25_details,object definitions table,documentation,2026-10-09,Cannot restore forward jets excluded by the flat object selection.
93915,units_in_v1_producer,"GeV for photon/jet pT, energy and photon isolation",VERIFIED,https://gitlab.cern.ch/atlas-outreach-data-tools/physlitetoopendata/-/tree/v1.0.0,Root/PhotonInfo.cxx; Root/JetInfo.cxx multiply by 0.001,versioned_source,2026-10-09,Exact FEB2025 v0 correspondence UNKNOWN.
93915,photon_sf_in_v1_producer,Product of loose ID and loose isolation SF over selected photons,VERIFIED,https://gitlab.cern.ch/atlas-outreach-data-tools/physlitetoopendata/-/tree/v1.0.0,Root/PhotonInfo.cxx fillPhotonInfo,versioned_source,2026-10-09,Not proven suitable for tight-ID/tight-isolation selection.
93915,btag_mapping_and_schema_consistency,DL1dv01 Continuous code; DL1dv0/dv01 dictionary naming; quantile boundaries unresolved,UNKNOWN,https://gitlab.cern.ch/atlas-outreach-data-tools/physlitetoopendata/-/tree/v1.0.0,Root/JetInfo.cxx; dictionary b-tag entries,documentation_and_source,2026-10-09,Do not equate with official GN2 85% WP; jet_jvt float/bool discrepancy also unresolved.
93915,dedicated_diphoton_trigger_bit,Not listed in inspected flat dictionary,NOT_AVAILABLE,https://opendata.atlas.cern/docs/data/for_education/13TeV25_details,complete trigger and SF branch list,documentation,2026-10-09,Scoped to inspected dictionary; actual file contents UNKNOWN.
93915,photon_trigger_sf,Not listed in inspected flat dictionary,NOT_AVAILABLE,https://opendata.atlas.cern/docs/data/for_education/13TeV25_details,complete trigger and SF branch list,documentation,2026-10-09,Scoped to inspected dictionary; actual file contents UNKNOWN.
93915,grl_production_and_exact_period_lumi,GRLs documented in later v1.0.0 config; exact v0 selection/luminosity not attested,UNKNOWN,https://gitlab.cern.ch/atlas-outreach-data-tools/physlitetoopendata/-/tree/v1.0.0,python/PhysLiteToOpenDataAlgorithms.py GRLs,versioned_source,2026-10-09,Cannot assign full release luminosity to one period file.
93915,full_detector_theory_systematics,Complete HH uncertainty recipe not established,UNKNOWN,https://opendata.atlas.cern/docs/data/for_education/13TeV25_details,JER fields and SF list,documentation,2026-10-09,Two JER branches do not constitute full systematics.
93915,exact_v0_generated_weight_semantics,Dictionary sqrt wording conflicts with direct CBK sums in later source,UNKNOWN,https://gitlab.cern.ch/atlas-outreach-data-tools/physlitetoopendata/-/tree/v1.0.0,scripts/skimOpenDataNtuples.py; dictionary sum_of_weights,documentation_and_source,2026-10-09,Must reconcile metadata and physical file before normalising MC.
93915,recommended_first_file,ODEO_FEB2025_v0_GamGam_data15_periodD.GamGam.root,VERIFIED,https://opendata.cern.ch/api/records/93915,metadata._files minimum size entry,record_metadata,2026-10-09,Proposed only; neither downloaded nor checksum verified locally.
93915,recommended_file_size_bytes,17541818,VERIFIED,https://opendata.cern.ch/api/records/93915,metadata._files minimum size entry,record_metadata,2026-10-09,Proposed only; neither downloaded nor checksum verified locally.
93915,recommended_file_checksum,adler32:037f48e7,VERIFIED,https://opendata.cern.ch/api/records/93915,metadata._files minimum size entry,record_metadata,2026-10-09,Proposed only; neither downloaded nor checksum verified locally.
93915,recommended_file_uri,root://eospublic.cern.ch//eos/opendata/atlas/rucio/opendata/ODEO_FEB2025_v0_GamGam_data15_periodD.GamGam.root,VERIFIED,https://opendata.cern.ch/api/records/93915,metadata._files minimum size entry,record_metadata,2026-10-09,Proposed only; neither downloaded nor checksum verified locally.
93922,title,"ATLAS ROOT ntuple format MC simulation, 2015+2016 proton-proton collisions beta release, GamGam skim",VERIFIED,https://opendata.cern.ch/api/records/93922,metadata.title,record_metadata,2026-10-09,Year fields have different meanings; publication year is not data-taking coverage.
93922,doi,10.7483/OPENDATA.ATLAS.IMZO.7U52,VERIFIED,https://opendata.cern.ch/api/records/93922,metadata.doi,record_metadata,2026-10-09,Year fields have different meanings; publication year is not data-taking coverage.
93922,record_id,93922,VERIFIED,https://opendata.cern.ch/api/records/93922,metadata.recid,record_metadata,2026-10-09,Year fields have different meanings; publication year is not data-taking coverage.
93922,data_years,"[""2015"", ""2016""]",VERIFIED,https://opendata.cern.ch/api/records/93922,metadata.date_created,record_metadata,2026-10-09,Year fields have different meanings; publication year is not data-taking coverage.
93922,publication_year,2025,VERIFIED,https://opendata.cern.ch/api/records/93922,metadata.date_published,record_metadata,2026-10-09,Year fields have different meanings; publication year is not data-taking coverage.
93922,reprocessing_year,2020,VERIFIED,https://opendata.cern.ch/api/records/93922,metadata.date_reprocessed,record_metadata,2026-10-09,Year fields have different meanings; publication year is not data-taking coverage.
93922,run_period,"[""2015"", ""2016""]",VERIFIED,https://opendata.cern.ch/api/records/93922,metadata.run_period,record_metadata,2026-10-09,Year fields have different meanings; publication year is not data-taking coverage.
93922,collision_energy,13 TeV,VERIFIED,https://opendata.cern.ch/api/records/93922,metadata.collision_information.energy,record_metadata,2026-10-09,MC energy describes simulated collisions.
93922,collision_type,pp,VERIFIED,https://opendata.cern.ch/api/records/93922,metadata.collision_information.type,record_metadata,2026-10-09,Physical ROOT file not inspected.
93922,license,CC0,VERIFIED,https://opendata.cern.ch/api/records/93922,metadata.license,record_metadata,2026-10-09,Follow ATLAS citation/acknowledgement guidance.
93922,format,"[""root""]",VERIFIED,https://opendata.cern.ch/api/records/93922,metadata.distribution.formats,record_metadata,2026-10-09,Published count/size; not locally measured.
93922,event_count,12120657,VERIFIED,https://opendata.cern.ch/api/records/93922,metadata.distribution.number_events,record_metadata,2026-10-09,Published count/size; not locally measured.
93922,file_count,373,VERIFIED,https://opendata.cern.ch/api/records/93922,metadata.distribution.number_files,record_metadata,2026-10-09,Published count/size; not locally measured.
93922,size_bytes,4895835241,VERIFIED,https://opendata.cern.ch/api/records/93922,metadata.distribution.size,record_metadata,2026-10-09,Published count/size; not locally measured.
93922,actual_root_transfer_and_schema,Not attempted,UNKNOWN,https://opendata.cern.ch/api/records/93922,metadata usage and file/index links,runtime_not_tested,2026-10-09,Phase 0 prohibits event-level analysis and large datasets; no ROOT file opened.
93922,official_full_run2_run3_coverage,"Only 2015-2016, not 2015-2018 plus 2022-2024",NOT_AVAILABLE,https://opendata.cern.ch/api/records/93922,metadata.date_created,record_metadata,2026-10-09,"Scoped to this record, not all ATLAS public resources."
93922,exact_usable_luminosity,Not established for a selected file/selection,UNKNOWN,https://opendata.atlas.cern/docs/data/for_education/13TeV25_details,release-level coverage statement,documentation,2026-10-09,"Requires matched GRL, trigger and selected-period accounting; MC has no intrinsic observed luminosity."
93922,full_hh_likelihood,No complete public model/resource verified,ACCESS_UNVERIFIED,https://www.hepdata.net/record/ins2943676,collection/resource access returned HTTP 403,statistical_resource_access,2026-10-09,No absence claim; not part of the event record metadata.
93922,release_tag,2025 beta; ODEO_FEB2025_v0,VERIFIED,https://opendata.cern.ch/api/records/93922,metadata.title; metadata._files[].key,record_metadata,2026-10-09,Later producer v1.0.0 equivalence is UNKNOWN.
93922,published_skim,At least two photons with pT at least 25 GeV,VERIFIED,https://opendata.cern.ch/api/records/93922,metadata.abstract / methodology,record_metadata,2026-10-09,"Conditional selected sample, not inclusive collision acceptance."
93922,nominal_release_luminosity_fb_inverse,36,VERIFIED,https://opendata.atlas.cern/docs/data/for_education/13TeV25_details,release introduction,documentation,2026-10-09,Collision-release nominal luminosity; not exact luminosity of each file or intrinsic MC luminosity.
93922,photon_kinematics,photon_n; photon_pt/eta/phi/e,VERIFIED,https://opendata.atlas.cern/docs/data/for_education/13TeV25_details,complete variable dictionary,documentation,2026-10-09,Documented existence only; exact file type/schema and working-point applicability untested.
93922,photon_identification,photon_isLooseID; photon_isTightID,VERIFIED,https://opendata.atlas.cern/docs/data/for_education/13TeV25_details,complete variable dictionary,documentation,2026-10-09,Documented existence only; exact file type/schema and working-point applicability untested.
93922,photon_isolation,photon_isLooseIso; photon_isTightIso; photon_ptcone20; photon_topoetcone40,VERIFIED,https://opendata.atlas.cern/docs/data/for_education/13TeV25_details,complete variable dictionary,documentation,2026-10-09,Documented existence only; exact file type/schema and working-point applicability untested.
93922,jet_kinematics,jet_n; jet_pt/eta/phi/e; jet_jvt,VERIFIED,https://opendata.atlas.cern/docs/data/for_education/13TeV25_details,complete variable dictionary,documentation,2026-10-09,Documented existence only; exact file type/schema and working-point applicability untested.
93922,btag_information,jet_btag_quantile,VERIFIED,https://opendata.atlas.cern/docs/data/for_education/13TeV25_details,complete variable dictionary,documentation,2026-10-09,Documented existence only; exact file type/schema and working-point applicability untested.
93922,nominal_btag_sf,ScaleFactor_BTAG,VERIFIED,https://opendata.atlas.cern/docs/data/for_education/13TeV25_details,complete variable dictionary,documentation,2026-10-09,Documented existence only; exact file type/schema and working-point applicability untested.
93922,nominal_photon_sf,ScaleFactor_PHOTON,VERIFIED,https://opendata.atlas.cern/docs/data/for_education/13TeV25_details,complete variable dictionary,documentation,2026-10-09,Documented existence only; exact file type/schema and working-point applicability untested.
93922,trigger_summary,trigP (single photon),VERIFIED,https://opendata.atlas.cern/docs/data/for_education/13TeV25_details,complete variable dictionary,documentation,2026-10-09,Documented existence only; exact file type/schema and working-point applicability untested.
93922,event_identifiers,runNumber; eventNumber; channelNumber,VERIFIED,https://opendata.atlas.cern/docs/data/for_education/13TeV25_details,complete variable dictionary,documentation,2026-10-09,Documented existence only; exact file type/schema and working-point applicability untested.
93922,mc_event_weight,mcWeight,VERIFIED,https://opendata.atlas.cern/docs/data/for_education/13TeV25_details,complete variable dictionary,documentation,2026-10-09,Documented existence only; exact file type/schema and working-point applicability untested.
93922,mc_normalisation_fields,xsec (pb); filteff; kfac; num_events; sum_of_weights; sum_of_weights_squared,VERIFIED,https://opendata.atlas.cern/docs/data/for_education/13TeV25_details,complete variable dictionary,documentation,2026-10-09,Documented existence only; exact file type/schema and working-point applicability untested.
93922,nominal_other_sf,ScaleFactor_PILEUP; ScaleFactor_JVT,VERIFIED,https://opendata.atlas.cern/docs/data/for_education/13TeV25_details,complete variable dictionary,documentation,2026-10-09,Documented existence only; exact file type/schema and working-point applicability untested.
93922,limited_jer_variations,jet_pt_jer1; jet_pt_jer2,VERIFIED,https://opendata.atlas.cern/docs/data/for_education/13TeV25_details,complete variable dictionary,documentation,2026-10-09,Documented existence only; exact file type/schema and working-point applicability untested.
93922,published_small_R_object_acceptance,anti-kt R=0.4; pT>20 GeV; abs(eta)<2.5,VERIFIED,https://opendata.atlas.cern/docs/data/for_education/13TeV25_details,object definitions table,documentation,2026-10-09,Cannot restore forward jets excluded by the flat object selection.
93922,units_in_v1_producer,"GeV for photon/jet pT, energy and photon isolation",VERIFIED,https://gitlab.cern.ch/atlas-outreach-data-tools/physlitetoopendata/-/tree/v1.0.0,Root/PhotonInfo.cxx; Root/JetInfo.cxx multiply by 0.001,versioned_source,2026-10-09,Exact FEB2025 v0 correspondence UNKNOWN.
93922,photon_sf_in_v1_producer,Product of loose ID and loose isolation SF over selected photons,VERIFIED,https://gitlab.cern.ch/atlas-outreach-data-tools/physlitetoopendata/-/tree/v1.0.0,Root/PhotonInfo.cxx fillPhotonInfo,versioned_source,2026-10-09,Not proven suitable for tight-ID/tight-isolation selection.
93922,btag_mapping_and_schema_consistency,DL1dv01 Continuous code; DL1dv0/dv01 dictionary naming; quantile boundaries unresolved,UNKNOWN,https://gitlab.cern.ch/atlas-outreach-data-tools/physlitetoopendata/-/tree/v1.0.0,Root/JetInfo.cxx; dictionary b-tag entries,documentation_and_source,2026-10-09,Do not equate with official GN2 85% WP; jet_jvt float/bool discrepancy also unresolved.
93922,dedicated_diphoton_trigger_bit,Not listed in inspected flat dictionary,NOT_AVAILABLE,https://opendata.atlas.cern/docs/data/for_education/13TeV25_details,complete trigger and SF branch list,documentation,2026-10-09,Scoped to inspected dictionary; actual file contents UNKNOWN.
93922,photon_trigger_sf,Not listed in inspected flat dictionary,NOT_AVAILABLE,https://opendata.atlas.cern/docs/data/for_education/13TeV25_details,complete trigger and SF branch list,documentation,2026-10-09,Scoped to inspected dictionary; actual file contents UNKNOWN.
93922,grl_production_and_exact_period_lumi,GRLs documented in later v1.0.0 config; exact v0 selection/luminosity not attested,UNKNOWN,https://gitlab.cern.ch/atlas-outreach-data-tools/physlitetoopendata/-/tree/v1.0.0,python/PhysLiteToOpenDataAlgorithms.py GRLs,versioned_source,2026-10-09,Cannot assign full release luminosity to one period file.
93922,full_detector_theory_systematics,Complete HH uncertainty recipe not established,UNKNOWN,https://opendata.atlas.cern/docs/data/for_education/13TeV25_details,JER fields and SF list,documentation,2026-10-09,Two JER branches do not constitute full systematics.
93922,exact_v0_generated_weight_semantics,Dictionary sqrt wording conflicts with direct CBK sums in later source,UNKNOWN,https://gitlab.cern.ch/atlas-outreach-data-tools/physlitetoopendata/-/tree/v1.0.0,scripts/skimOpenDataNtuples.py; dictionary sum_of_weights,documentation_and_source,2026-10-09,Must reconcile metadata and physical file before normalising MC.
93922,mc_inventory_mapping,373 unique DSIDs; 373/373 match versioned metadata.csv,VERIFIED,https://opendata.cern.ch/api/records/93922,metadata._files joined to versioned extras/metadata.csv,index_inspection,2026-10-09,Join result; does not prove matching physical generated sums.
93922,mc_process_examples,343981 ggF H->gamma gamma; 346214 VBF H->gamma gamma; 302520 mass-filtered QCD diphoton,VERIFIED,https://gitlab.cern.ch/api/v4/projects/atlas-outreach-data-tools%2Fphyslitetoopendata/repository/files/extras%2Fmetadata.csv/raw?ref=v1.0.0,rows 343981;346214;302520,versioned_metadata,2026-10-09,Single-H samples are not HH signal; filtered diphoton sample not complete continuum.
93922,hh_signal_and_coupling_variations,No explicit Higgs-pair process found in complete index and mapped metadata,UNKNOWN,https://opendata.cern.ch/api/records/93922,metadata._files and process/keyword/description join,index_inspection,2026-10-09,No suitable signal input established; not a global release absence claim.
93922,mc_sample_overlap_and_nominal_choice,Unvalidated,UNKNOWN,https://opendata.atlas.cern/docs/data/for_research/evgen_collections,sample combination guidance,documentation,2026-10-09,Do not add nominal/alternative/systematic or overlapping processes indiscriminately.
80020,title,DAOD_PHYSLITE format 2015-2016 Open Data for Research from the ATLAS experiment,VERIFIED,https://opendata.cern.ch/api/records/atlas-80020,metadata.title,record_metadata,2026-10-09,Year fields have different meanings; publication year is not data-taking coverage.
80020,doi,10.7483/OPENDATA.ATLAS.9HK7.P5SI,VERIFIED,https://opendata.cern.ch/api/records/atlas-80020,metadata.doi,record_metadata,2026-10-09,Year fields have different meanings; publication year is not data-taking coverage.
80020,record_id,80020,VERIFIED,https://opendata.cern.ch/api/records/atlas-80020,metadata.recid,record_metadata,2026-10-09,Year fields have different meanings; publication year is not data-taking coverage.
80020,data_years,"[""2015"", ""2016""]",VERIFIED,https://opendata.cern.ch/api/records/atlas-80020,metadata.date_created,record_metadata,2026-10-09,Year fields have different meanings; publication year is not data-taking coverage.
80020,publication_year,2024,VERIFIED,https://opendata.cern.ch/api/records/atlas-80020,metadata.date_published,record_metadata,2026-10-09,Year fields have different meanings; publication year is not data-taking coverage.
80020,reprocessing_year,2020,VERIFIED,https://opendata.cern.ch/api/records/atlas-80020,metadata.date_reprocessed,record_metadata,2026-10-09,Year fields have different meanings; publication year is not data-taking coverage.
80020,run_period,"[""2015"", ""2016""]",VERIFIED,https://opendata.cern.ch/api/records/atlas-80020,metadata.run_period,record_metadata,2026-10-09,Year fields have different meanings; publication year is not data-taking coverage.
80020,collision_energy,13 TeV,VERIFIED,https://opendata.cern.ch/api/records/atlas-80020,metadata.collision_information.energy,record_metadata,2026-10-09,No Run-3 coverage in this record.
80020,collision_type,pp,VERIFIED,https://opendata.cern.ch/api/records/atlas-80020,metadata.collision_information.type,record_metadata,2026-10-09,Physical ROOT file not inspected.
80020,license,CC0,VERIFIED,https://opendata.cern.ch/api/records/atlas-80020,metadata.license,record_metadata,2026-10-09,Follow ATLAS citation/acknowledgement guidance.
80020,format,"[""DAOD_PHYSLITE"", ""root""]",VERIFIED,https://opendata.cern.ch/api/records/atlas-80020,metadata.distribution.formats,record_metadata,2026-10-09,Aggregate includes data and MC.
80020,event_count,9058437931,VERIFIED,https://opendata.cern.ch/api/records/atlas-80020,metadata.distribution.number_events,record_metadata,2026-10-09,Aggregate includes data and MC.
80020,file_count,70611,VERIFIED,https://opendata.cern.ch/api/records/atlas-80020,metadata.distribution.number_files,record_metadata,2026-10-09,Aggregate includes data and MC.
80020,size_bytes,71749688366060,VERIFIED,https://opendata.cern.ch/api/records/atlas-80020,metadata.distribution.size,record_metadata,2026-10-09,Aggregate includes data and MC.
80020,actual_root_transfer_and_schema,Not attempted,UNKNOWN,https://opendata.cern.ch/api/records/atlas-80020,metadata usage and file/index links,runtime_not_tested,2026-10-09,Phase 0 prohibits event-level analysis and large datasets; no ROOT file opened.
80020,official_full_run2_run3_coverage,"Only 2015-2016, not 2015-2018 plus 2022-2024",NOT_AVAILABLE,https://opendata.cern.ch/api/records/atlas-80020,metadata.date_created,record_metadata,2026-10-09,"Scoped to this record, not all ATLAS public resources."
80020,exact_usable_luminosity,Not established for a selected file/selection,UNKNOWN,https://opendata.atlas.cern/docs/data/for_research/pp_data,release-level coverage statement,documentation,2026-10-09,"Requires matched GRL, trigger and selected-period accounting; MC has no intrinsic observed luminosity."
80020,full_hh_likelihood,No complete public model/resource verified,ACCESS_UNVERIFIED,https://www.hepdata.net/record/ins2943676,collection/resource access returned HTTP 403,statistical_resource_access,2026-10-09,No absence claim; not part of the event record metadata.
80020,child_collections,80000;80001;80010;80011;80012;80013;80014;80015;80016;80017;80018,VERIFIED,https://opendata.cern.ch/api/records/atlas-80020,metadata.relations,record_metadata,2026-10-09,Aggregate is not one analysis-ready dataset.
80020,collision_child_luminosities,2015 approximately 3.2 fb^-1; 2016 approximately 33 fb^-1,VERIFIED,https://opendata.atlas.cern/docs/data/for_research/pp_data,collision child descriptions,documentation,2026-10-09,"Rounded values, not exact selection luminosities."
80020,skim_and_tool_provenance,General PHYSLITE format is designed unskimmed; calibrated objects; Athena 22 and MC20a,VERIFIED,https://opendata.atlas.cern/docs/documentation/data_format/physlite/,format overview; umbrella methodology,documentation,2026-10-09,Exact per-child derivation/acceptance requires child/file inspection.
80020,photon_kinematics,AnalysisPhotons pt/eta/phi/m,VERIFIED,https://atlas-physlite-content-opendata.web.cern.ch/opendata_pp_physlite_variables.html,named collection table,documentation,2026-10-09,Actual split branches/types and physical data/MC variation UNKNOWN.
80020,photon_identification,DFCommonPhotonsIsEMLoose; DFCommonPhotonsIsEMTight,VERIFIED,https://atlas-physlite-content-opendata.web.cern.ch/opendata_pp_physlite_variables.html,named collection table,documentation,2026-10-09,Actual split branches/types and physical data/MC variation UNKNOWN.
80020,photon_isolation,ptcone20; topoetcone20/40 and corrections,VERIFIED,https://atlas-physlite-content-opendata.web.cern.ch/opendata_pp_physlite_variables.html,named collection table,documentation,2026-10-09,Actual split branches/types and physical data/MC variation UNKNOWN.
80020,jet_kinematics,AnalysisJets pt/eta/phi/m; DFCommonJets_fJvt,VERIFIED,https://atlas-physlite-content-opendata.web.cern.ch/opendata_pp_physlite_variables.html,named collection table,documentation,2026-10-09,Actual split branches/types and physical data/MC variation UNKNOWN.
80020,btag_information,btaggingLink; DL1dv01_pb/pc/pu in b-tag containers,VERIFIED,https://atlas-physlite-content-opendata.web.cern.ch/opendata_pp_physlite_variables.html,named collection table,documentation,2026-10-09,Actual split branches/types and physical data/MC variation UNKNOWN.
80020,event_identifiers,EventInfo runNumber/lumiBlock/mcChannelNumber,VERIFIED,https://atlas-physlite-content-opendata.web.cern.ch/opendata_pp_physlite_variables.html,named collection table,documentation,2026-10-09,Actual split branches/types and physical data/MC variation UNKNOWN.
80020,mc_event_weight,EventInfo mcEventWeights,VERIFIED,https://atlas-physlite-content-opendata.web.cern.ch/opendata_pp_physlite_variables.html,named collection table,documentation,2026-10-09,Actual split branches/types and physical data/MC variation UNKNOWN.
80020,trigger_matching,AnalysisTrigMatch_HLT photon-chain matching collections,VERIFIED,https://atlas-physlite-content-opendata.web.cern.ch/opendata_pp_physlite_variables.html,named collection table,documentation,2026-10-09,Actual split branches/types and physical data/MC variation UNKNOWN.
80020,trigger_decision_and_efficiency,Matching is documented; full decision/prescale/SF recipe not established,UNKNOWN,https://atlas-physlite-content-opendata.web.cern.ch/opendata_pp_physlite_variables.html,collection catalogue and public analysis guidance,documentation,2026-10-09,No physical ROOT file or public correction tool executed.
80020,nominal_btag_sf,Requires public analysis tools and matching calibration; file recipe unverified,UNKNOWN,https://atlas-physlite-content-opendata.web.cern.ch/opendata_pp_physlite_variables.html,collection catalogue and public analysis guidance,documentation,2026-10-09,No physical ROOT file or public correction tool executed.
80020,nominal_photon_sf,Requires matching working points/calibration; file recipe unverified,UNKNOWN,https://atlas-physlite-content-opendata.web.cern.ch/opendata_pp_physlite_variables.html,collection catalogue and public analysis guidance,documentation,2026-10-09,No physical ROOT file or public correction tool executed.
80020,full_detector_theory_systematics,Public tools and some variation samples exist; HH-specific completeness unverified,UNKNOWN,https://atlas-physlite-content-opendata.web.cern.ch/opendata_pp_physlite_variables.html,collection catalogue and public analysis guidance,documentation,2026-10-09,No physical ROOT file or public correction tool executed.
80020,published_small_R_object_acceptance,No single acceptance assigned to entire umbrella,UNKNOWN,https://atlas-physlite-content-opendata.web.cern.ch/opendata_pp_physlite_variables.html,collection catalogue and public analysis guidance,documentation,2026-10-09,No physical ROOT file or public correction tool executed.
80020,units_in_physical_files,Not validated; xAOD conventions must be checked rather than assuming flat GeV,UNKNOWN,https://atlas-physlite-content-opendata.web.cern.ch/opendata_pp_physlite_variables.html,collection catalogue and public analysis guidance,documentation,2026-10-09,No physical ROOT file or public correction tool executed.
80020,mc_normalisation_fields,Public cross-section/filter/k-factor metadata; matching generated sums not verified,UNKNOWN,https://opendata.atlas.cern/docs/data/for_research/metadata,metadata guide,documentation,2026-10-09,Per-child DSID/tag/completeness matching required.
80020,grl_production_and_exact_period_lumi,GRL must be applied; exact selected luminosity not computed,UNKNOWN,https://opendata.atlas.cern/docs/data/for_research/limitations_pp,data sample limitations,documentation,2026-10-09,No event or run-period quality validation in Phase 0.
80020,raw_reconstruction_completeness,Complete tracks/clusters/PFOs unavailable,NOT_AVAILABLE,https://opendata.atlas.cern/docs/data/for_research/limitations_pp,data format limitations,documentation,2026-10-09,Limits modified reconstruction; calibrated objects still available.
80020,hh_signal_and_coupling_variations,No explicit HH/bbgg name in inspected 80012/80013 indices; availability elsewhere UNKNOWN,UNKNOWN,https://opendata.cern.ch/api/records/80012,metadata._file_indices; record 80013 same inspection,index_inspection,2026-10-09,Not a global ATLAS absence claim.
80020,collision_child_full_file_inventory,80000/80001 response retrieval stopped at 4 MiB local guard,ACCESS_UNVERIFIED,https://opendata.cern.ch/api/records/80000,bounded HTTP response; same for 80001,local_retrieval_limit,2026-10-09,Remote access not shown unavailable; full inventory deferred.
