path,size_bytes,sha256,storage
metadata/phase3_selection_config.ini,333,77d57cd6fa204aad5a24031ac925c4e20e121b8aee35148cc29b522b39cf5751,tracked small metadata/report/figure
metadata/phase3_run_manifest.json,1215,bc8dfe13b6a1a955a7775e7f9e174fdc083db1fc695ef30fb27f5282a6018069,tracked small metadata/report/figure
metadata/phase3_cutflow.csv,1267,fde6e1b93a862093682a5253b59c79901a448d0367ed31d63bc105256f446a2e,tracked small metadata/report/figure
metadata/phase3_optional_photon_flags.csv,213,21fec305f55ba0f53345ecfd27b6e653012c411a9650b93265cbbb2205e04c60,tracked small metadata/report/figure
metadata/phase3_histogram_inventory.csv,175,67721899a395e19da6055fce6cf1dbe03cc6ac2666270d2a65ce725af4961266,tracked small metadata/report/figure
outputs/phase2_20261010T092242Z/events.csv,16052596,a50c50eda011ffae6aa224dcab02a34b1e5a3a430dd427ee6397274f9afef764,ignored derived cache/output
outputs/phase3_20261010T092242Z/summary.json,184,b88bf718ae27c2c7eeb2827cdf4486912c1e38424d09672dbb4bf22a4dcec53e,ignored derived cache/output
reports/figures/phase3/m_gg_preselection.png,25818,fea83807fe5f6075f2c34306a8bb975eed52d7b3c14ff2f0c02d3a86275d9915,tracked small metadata/report/figure
reports/figures/phase3/m_jj_preselection.png,27780,20e79fa03192bc19cc1f15e672b6a2aa80f8c840a7d5f43772de14d72e80f6fa,tracked small metadata/report/figure
reports/figures/phase3/photon_pt_selected.png,28957,901391ce61fdd164b25ace51b0ed13a21ef4a9edf207bedc55881f8c2e023b59,tracked small metadata/report/figure
reports/figures/phase3/jet_pt_selected.png,28413,a4336a6ba0aec758ce042ed02b0bdc82fda270432e7e80eba99edd0488d775ef,tracked small metadata/report/figure
reports/phase3_cutflow.md,5840,1ceb835e42075a4ea5df2a3c64940e1f7bec92f68f65d3e4c5f0a3075fffa215,tracked small metadata/report/figure
reports/phase3_validation.md,5147,2e76ec55d26a2e6078427c7cee65985091385030a9f7c150c93ca064e9dc9380,tracked small metadata/report/figure
reports/phase3_decision.md,1623,34ac743db0ae5e0456f66df4a22c653796880075ecfa7e47cd0f8b69f1d326b4,tracked small metadata/report/figure
reports/phase4_readiness_assessment.md,9871,45282005d9c27db291614c09f6f39fcc2a95730d0c195d94eda8fc9bae59ee70,tracked small metadata/report/figure
