selection_name,events_before,events_after,rejected_events,conditional_fraction,cumulative_fraction,definition_version,validation_status
C0_GamGam_skim_input,63095,63095,0,1,1,study-preselection-v1,PROVISIONAL_EXPLORATORY
C1_valid_kinematics,63095,63058,37,0.99941358269276492,0.99941358269276492,study-preselection-v1,PROVISIONAL_EXPLORATORY
C2_two_photons,63058,63058,0,1,0.99941358269276492,study-preselection-v1,PROVISIONAL_EXPLORATORY
C3_leading_photon_pt,63058,53978,9080,0.85600558216245359,0.85550360567398365,study-preselection-v1,PROVISIONAL_EXPLORATORY
C4_subleading_photon_pt,53978,53978,0,1,0.85550360567398365,study-preselection-v1,PROVISIONAL_EXPLORATORY
C5_photon_eta_acceptance,53978,51136,2842,0.94734891993034198,0.81046041683176162,study-preselection-v1,PROVISIONAL_EXPLORATORY
C6_diphoton_mass_window,51136,12564,38572,0.24569774718397996,0.1991282985973532,study-preselection-v1,PROVISIONAL_EXPLORATORY
C7_two_jets,12564,2842,9722,0.22620184654568609,0.045043188842222047,study-preselection-v1,PROVISIONAL_EXPLORATORY
C8_leading_two_jet_pt,2842,1689,1153,0.59429978888106971,0.026769157619462716,study-preselection-v1,PROVISIONAL_EXPLORATORY
C9_leading_two_jet_eta,1689,1689,0,1,0.026769157619462716,study-preselection-v1,PROVISIONAL_EXPLORATORY
