group,requested_branch,required,present,actual_branch,root_type,structure,leaf_metadata,documented_expected_type,compatibility,documentation_source,physical_evidence,kinematic_units,working_point_semantics
"photon","photon_n","yes","yes","photon_n","Int_t","scalar","photon_n:Int_t:len=1","int","MATCH","https://opendata.atlas.cern/docs/data/for_education/13TeV25_details","record93915;ODEO_FEB2025_v0_GamGam_data15_periodD.GamGam.root;sha256=01bfa7cee25c7f32c3701e458d171f65def834d96e6071e119532421a64bd5f7;ROOT6.40.04;tree=analysis;TBranch::GetExpectedType/TLeaf","UNKNOWN","UNKNOWN"
"photon","photon_pt","yes","yes","photon_pt","ROOT::VecOps::RVec<float>","RVec","photon_pt:ROOT::VecOps::RVec<float>:len=1","vector<float>","DOCUMENTED_CONTAINER_DIFFERENCE_SUPPORTED","https://opendata.atlas.cern/docs/data/for_education/13TeV25_details","record93915;ODEO_FEB2025_v0_GamGam_data15_periodD.GamGam.root;sha256=01bfa7cee25c7f32c3701e458d171f65def834d96e6071e119532421a64bd5f7;ROOT6.40.04;tree=analysis;TBranch::GetExpectedType/TLeaf","UNKNOWN","UNKNOWN"
"photon","photon_eta","yes","yes","photon_eta","ROOT::VecOps::RVec<float>","RVec","photon_eta:ROOT::VecOps::RVec<float>:len=1","vector<float>","DOCUMENTED_CONTAINER_DIFFERENCE_SUPPORTED","https://opendata.atlas.cern/docs/data/for_education/13TeV25_details","record93915;ODEO_FEB2025_v0_GamGam_data15_periodD.GamGam.root;sha256=01bfa7cee25c7f32c3701e458d171f65def834d96e6071e119532421a64bd5f7;ROOT6.40.04;tree=analysis;TBranch::GetExpectedType/TLeaf","UNKNOWN","UNKNOWN"
"photon","photon_phi","yes","yes","photon_phi","ROOT::VecOps::RVec<float>","RVec","photon_phi:ROOT::VecOps::RVec<float>:len=1","vector<float>","DOCUMENTED_CONTAINER_DIFFERENCE_SUPPORTED","https://opendata.atlas.cern/docs/data/for_education/13TeV25_details","record93915;ODEO_FEB2025_v0_GamGam_data15_periodD.GamGam.root;sha256=01bfa7cee25c7f32c3701e458d171f65def834d96e6071e119532421a64bd5f7;ROOT6.40.04;tree=analysis;TBranch::GetExpectedType/TLeaf","UNKNOWN","UNKNOWN"
"photon","photon_e","yes","yes","photon_e","ROOT::VecOps::RVec<float>","RVec","photon_e:ROOT::VecOps::RVec<float>:len=1","vector<float>","DOCUMENTED_CONTAINER_DIFFERENCE_SUPPORTED","https://opendata.atlas.cern/docs/data/for_education/13TeV25_details","record93915;ODEO_FEB2025_v0_GamGam_data15_periodD.GamGam.root;sha256=01bfa7cee25c7f32c3701e458d171f65def834d96e6071e119532421a64bd5f7;ROOT6.40.04;tree=analysis;TBranch::GetExpectedType/TLeaf","UNKNOWN","UNKNOWN"
"photon","photon_isTightID","yes","yes","photon_isTightID","ROOT::VecOps::RVec<bool>","RVec","photon_isTightID:ROOT::VecOps::RVec<bool>:len=1","vector<bool>","DOCUMENTED_CONTAINER_DIFFERENCE_SUPPORTED","https://opendata.atlas.cern/docs/data/for_education/13TeV25_details","record93915;ODEO_FEB2025_v0_GamGam_data15_periodD.GamGam.root;sha256=01bfa7cee25c7f32c3701e458d171f65def834d96e6071e119532421a64bd5f7;ROOT6.40.04;tree=analysis;TBranch::GetExpectedType/TLeaf","UNKNOWN","UNKNOWN"
"photon","photon_isLooseID","yes","yes","photon_isLooseID","ROOT::VecOps::RVec<bool>","RVec","photon_isLooseID:ROOT::VecOps::RVec<bool>:len=1","vector<bool>","DOCUMENTED_CONTAINER_DIFFERENCE_SUPPORTED","https://opendata.atlas.cern/docs/data/for_education/13TeV25_details","record93915;ODEO_FEB2025_v0_GamGam_data15_periodD.GamGam.root;sha256=01bfa7cee25c7f32c3701e458d171f65def834d96e6071e119532421a64bd5f7;ROOT6.40.04;tree=analysis;TBranch::GetExpectedType/TLeaf","UNKNOWN","UNKNOWN"
"photon","photon_isTightIso","yes","yes","photon_isTightIso","ROOT::VecOps::RVec<bool>","RVec","photon_isTightIso:ROOT::VecOps::RVec<bool>:len=1","vector<bool>","DOCUMENTED_CONTAINER_DIFFERENCE_SUPPORTED","https://opendata.atlas.cern/docs/data/for_education/13TeV25_details","record93915;ODEO_FEB2025_v0_GamGam_data15_periodD.GamGam.root;sha256=01bfa7cee25c7f32c3701e458d171f65def834d96e6071e119532421a64bd5f7;ROOT6.40.04;tree=analysis;TBranch::GetExpectedType/TLeaf","UNKNOWN","UNKNOWN"
"photon","photon_isLooseIso","yes","yes","photon_isLooseIso","ROOT::VecOps::RVec<bool>","RVec","photon_isLooseIso:ROOT::VecOps::RVec<bool>:len=1","vector<bool>","DOCUMENTED_CONTAINER_DIFFERENCE_SUPPORTED","https://opendata.atlas.cern/docs/data/for_education/13TeV25_details","record93915;ODEO_FEB2025_v0_GamGam_data15_periodD.GamGam.root;sha256=01bfa7cee25c7f32c3701e458d171f65def834d96e6071e119532421a64bd5f7;ROOT6.40.04;tree=analysis;TBranch::GetExpectedType/TLeaf","UNKNOWN","UNKNOWN"
"jet","jet_n","yes","yes","jet_n","Int_t","scalar","jet_n:Int_t:len=1","int","MATCH","https://opendata.atlas.cern/docs/data/for_education/13TeV25_details","record93915;ODEO_FEB2025_v0_GamGam_data15_periodD.GamGam.root;sha256=01bfa7cee25c7f32c3701e458d171f65def834d96e6071e119532421a64bd5f7;ROOT6.40.04;tree=analysis;TBranch::GetExpectedType/TLeaf","UNKNOWN","UNKNOWN"
"jet","jet_pt","yes","yes","jet_pt","ROOT::VecOps::RVec<float>","RVec","jet_pt:ROOT::VecOps::RVec<float>:len=1","vector<float>","DOCUMENTED_CONTAINER_DIFFERENCE_SUPPORTED","https://opendata.atlas.cern/docs/data/for_education/13TeV25_details","record93915;ODEO_FEB2025_v0_GamGam_data15_periodD.GamGam.root;sha256=01bfa7cee25c7f32c3701e458d171f65def834d96e6071e119532421a64bd5f7;ROOT6.40.04;tree=analysis;TBranch::GetExpectedType/TLeaf","UNKNOWN","UNKNOWN"
"jet","jet_eta","yes","yes","jet_eta","ROOT::VecOps::RVec<float>","RVec","jet_eta:ROOT::VecOps::RVec<float>:len=1","vector<float>","DOCUMENTED_CONTAINER_DIFFERENCE_SUPPORTED","https://opendata.atlas.cern/docs/data/for_education/13TeV25_details","record93915;ODEO_FEB2025_v0_GamGam_data15_periodD.GamGam.root;sha256=01bfa7cee25c7f32c3701e458d171f65def834d96e6071e119532421a64bd5f7;ROOT6.40.04;tree=analysis;TBranch::GetExpectedType/TLeaf","UNKNOWN","UNKNOWN"
"jet","jet_phi","yes","yes","jet_phi","ROOT::VecOps::RVec<float>","RVec","jet_phi:ROOT::VecOps::RVec<float>:len=1","vector<float>","DOCUMENTED_CONTAINER_DIFFERENCE_SUPPORTED","https://opendata.atlas.cern/docs/data/for_education/13TeV25_details","record93915;ODEO_FEB2025_v0_GamGam_data15_periodD.GamGam.root;sha256=01bfa7cee25c7f32c3701e458d171f65def834d96e6071e119532421a64bd5f7;ROOT6.40.04;tree=analysis;TBranch::GetExpectedType/TLeaf","UNKNOWN","UNKNOWN"
"jet","jet_e","yes","yes","jet_e","ROOT::VecOps::RVec<float>","RVec","jet_e:ROOT::VecOps::RVec<float>:len=1","vector<float>","DOCUMENTED_CONTAINER_DIFFERENCE_SUPPORTED","https://opendata.atlas.cern/docs/data/for_education/13TeV25_details","record93915;ODEO_FEB2025_v0_GamGam_data15_periodD.GamGam.root;sha256=01bfa7cee25c7f32c3701e458d171f65def834d96e6071e119532421a64bd5f7;ROOT6.40.04;tree=analysis;TBranch::GetExpectedType/TLeaf","UNKNOWN","UNKNOWN"
"jet","jet_jvt","yes","yes","jet_jvt","ROOT::VecOps::RVec<bool>","RVec","jet_jvt:ROOT::VecOps::RVec<bool>:len=1","vector<float>","DOCUMENTED_CONTAINER_AND_ELEMENT_DIFFERENCE_SUPPORTED","https://opendata.atlas.cern/docs/data/for_education/13TeV25_details","record93915;ODEO_FEB2025_v0_GamGam_data15_periodD.GamGam.root;sha256=01bfa7cee25c7f32c3701e458d171f65def834d96e6071e119532421a64bd5f7;ROOT6.40.04;tree=analysis;TBranch::GetExpectedType/TLeaf","UNKNOWN","UNKNOWN"
"btag","jet_btag_quantile","yes","yes","jet_btag_quantile","ROOT::VecOps::RVec<int>","RVec","jet_btag_quantile:ROOT::VecOps::RVec<int>:len=1","vector<int>","DOCUMENTED_CONTAINER_DIFFERENCE_SUPPORTED","https://opendata.atlas.cern/docs/data/for_education/13TeV25_details","record93915;ODEO_FEB2025_v0_GamGam_data15_periodD.GamGam.root;sha256=01bfa7cee25c7f32c3701e458d171f65def834d96e6071e119532421a64bd5f7;ROOT6.40.04;tree=analysis;TBranch::GetExpectedType/TLeaf","UNKNOWN","UNKNOWN"
"event","runNumber","yes","yes","runNumber","UInt_t","scalar","runNumber:UInt_t:len=1","unsigned int","MATCH","https://opendata.atlas.cern/docs/data/for_education/13TeV25_details","record93915;ODEO_FEB2025_v0_GamGam_data15_periodD.GamGam.root;sha256=01bfa7cee25c7f32c3701e458d171f65def834d96e6071e119532421a64bd5f7;ROOT6.40.04;tree=analysis;TBranch::GetExpectedType/TLeaf","UNKNOWN","UNKNOWN"
"event","eventNumber","yes","yes","eventNumber","ULong64_t","scalar","eventNumber:ULong64_t:len=1","unsigned long long","MATCH","https://opendata.atlas.cern/docs/data/for_education/13TeV25_details","record93915;ODEO_FEB2025_v0_GamGam_data15_periodD.GamGam.root;sha256=01bfa7cee25c7f32c3701e458d171f65def834d96e6071e119532421a64bd5f7;ROOT6.40.04;tree=analysis;TBranch::GetExpectedType/TLeaf","UNKNOWN","UNKNOWN"
"event","channelNumber","no","yes","channelNumber","UInt_t","scalar","channelNumber:UInt_t:len=1","unsigned int","MATCH","https://opendata.atlas.cern/docs/data/for_education/13TeV25_details","record93915;ODEO_FEB2025_v0_GamGam_data15_periodD.GamGam.root;sha256=01bfa7cee25c7f32c3701e458d171f65def834d96e6071e119532421a64bd5f7;ROOT6.40.04;tree=analysis;TBranch::GetExpectedType/TLeaf","UNKNOWN","UNKNOWN"
"trigger","trigP","yes","yes","trigP","Bool_t","scalar","trigP:Bool_t:len=1","bool","MATCH","https://opendata.atlas.cern/docs/data/for_education/13TeV25_details","record93915;ODEO_FEB2025_v0_GamGam_data15_periodD.GamGam.root;sha256=01bfa7cee25c7f32c3701e458d171f65def834d96e6071e119532421a64bd5f7;ROOT6.40.04;tree=analysis;TBranch::GetExpectedType/TLeaf","UNKNOWN","UNKNOWN"
"weight","mcWeight","no","yes","mcWeight","Float_t","scalar","mcWeight:Float_t:len=1","float","MATCH","https://opendata.atlas.cern/docs/data/for_education/13TeV25_details","record93915;ODEO_FEB2025_v0_GamGam_data15_periodD.GamGam.root;sha256=01bfa7cee25c7f32c3701e458d171f65def834d96e6071e119532421a64bd5f7;ROOT6.40.04;tree=analysis;TBranch::GetExpectedType/TLeaf","UNKNOWN","UNKNOWN"
"weight","ScaleFactor_PHOTON","no","yes","ScaleFactor_PHOTON","Float_t","scalar","ScaleFactor_PHOTON:Float_t:len=1","float","MATCH","https://opendata.atlas.cern/docs/data/for_education/13TeV25_details","record93915;ODEO_FEB2025_v0_GamGam_data15_periodD.GamGam.root;sha256=01bfa7cee25c7f32c3701e458d171f65def834d96e6071e119532421a64bd5f7;ROOT6.40.04;tree=analysis;TBranch::GetExpectedType/TLeaf","UNKNOWN","UNKNOWN"
"weight","ScaleFactor_BTAG","no","yes","ScaleFactor_BTAG","Float_t","scalar","ScaleFactor_BTAG:Float_t:len=1","float","MATCH","https://opendata.atlas.cern/docs/data/for_education/13TeV25_details","record93915;ODEO_FEB2025_v0_GamGam_data15_periodD.GamGam.root;sha256=01bfa7cee25c7f32c3701e458d171f65def834d96e6071e119532421a64bd5f7;ROOT6.40.04;tree=analysis;TBranch::GetExpectedType/TLeaf","UNKNOWN","UNKNOWN"
"weight","ScaleFactor_PILEUP","no","yes","ScaleFactor_PILEUP","Float_t","scalar","ScaleFactor_PILEUP:Float_t:len=1","float","MATCH","https://opendata.atlas.cern/docs/data/for_education/13TeV25_details","record93915;ODEO_FEB2025_v0_GamGam_data15_periodD.GamGam.root;sha256=01bfa7cee25c7f32c3701e458d171f65def834d96e6071e119532421a64bd5f7;ROOT6.40.04;tree=analysis;TBranch::GetExpectedType/TLeaf","UNKNOWN","UNKNOWN"
"weight","ScaleFactor_JVT","no","yes","ScaleFactor_JVT","Float_t","scalar","ScaleFactor_JVT:Float_t:len=1","float","MATCH","https://opendata.atlas.cern/docs/data/for_education/13TeV25_details","record93915;ODEO_FEB2025_v0_GamGam_data15_periodD.GamGam.root;sha256=01bfa7cee25c7f32c3701e458d171f65def834d96e6071e119532421a64bd5f7;ROOT6.40.04;tree=analysis;TBranch::GetExpectedType/TLeaf","UNKNOWN","UNKNOWN"
"extra","num_events","no","yes","num_events","Double_t","scalar","num_events:Double_t:len=1","NOT_AUDITED","NOT_AUDITED","NOT_AUDITED","record93915;ODEO_FEB2025_v0_GamGam_data15_periodD.GamGam.root;sha256=01bfa7cee25c7f32c3701e458d171f65def834d96e6071e119532421a64bd5f7;ROOT6.40.04;tree=analysis;TBranch::GetExpectedType/TLeaf","UNKNOWN","UNKNOWN"
"extra","sum_of_weights","no","yes","sum_of_weights","Double_t","scalar","sum_of_weights:Double_t:len=1","NOT_AUDITED","NOT_AUDITED","NOT_AUDITED","record93915;ODEO_FEB2025_v0_GamGam_data15_periodD.GamGam.root;sha256=01bfa7cee25c7f32c3701e458d171f65def834d96e6071e119532421a64bd5f7;ROOT6.40.04;tree=analysis;TBranch::GetExpectedType/TLeaf","UNKNOWN","UNKNOWN"
"extra","sum_of_weights_squared","no","yes","sum_of_weights_squared","Double_t","scalar","sum_of_weights_squared:Double_t:len=1","NOT_AUDITED","NOT_AUDITED","NOT_AUDITED","record93915;ODEO_FEB2025_v0_GamGam_data15_periodD.GamGam.root;sha256=01bfa7cee25c7f32c3701e458d171f65def834d96e6071e119532421a64bd5f7;ROOT6.40.04;tree=analysis;TBranch::GetExpectedType/TLeaf","UNKNOWN","UNKNOWN"
"extra","category","no","yes","category","string","object","category:string:len=1","NOT_AUDITED","NOT_AUDITED","NOT_AUDITED","record93915;ODEO_FEB2025_v0_GamGam_data15_periodD.GamGam.root;sha256=01bfa7cee25c7f32c3701e458d171f65def834d96e6071e119532421a64bd5f7;ROOT6.40.04;tree=analysis;TBranch::GetExpectedType/TLeaf","UNKNOWN","UNKNOWN"
"extra","sig_ph","no","yes","sig_ph","ROOT::VecOps::RVec<int>","RVec","sig_ph:ROOT::VecOps::RVec<int>:len=1","NOT_AUDITED","NOT_AUDITED","NOT_AUDITED","record93915;ODEO_FEB2025_v0_GamGam_data15_periodD.GamGam.root;sha256=01bfa7cee25c7f32c3701e458d171f65def834d96e6071e119532421a64bd5f7;ROOT6.40.04;tree=analysis;TBranch::GetExpectedType/TLeaf","UNKNOWN","UNKNOWN"
"extra","n_sig_ph","no","yes","n_sig_ph","ULong_t","scalar","n_sig_ph:ULong_t:len=1","NOT_AUDITED","NOT_AUDITED","NOT_AUDITED","record93915;ODEO_FEB2025_v0_GamGam_data15_periodD.GamGam.root;sha256=01bfa7cee25c7f32c3701e458d171f65def834d96e6071e119532421a64bd5f7;ROOT6.40.04;tree=analysis;TBranch::GetExpectedType/TLeaf","UNKNOWN","UNKNOWN"
"extra","TriggerMatch_DILEPTON","no","yes","TriggerMatch_DILEPTON","Float_t","scalar","TriggerMatch_DILEPTON:Float_t:len=1","NOT_AUDITED","NOT_AUDITED","NOT_AUDITED","record93915;ODEO_FEB2025_v0_GamGam_data15_periodD.GamGam.root;sha256=01bfa7cee25c7f32c3701e458d171f65def834d96e6071e119532421a64bd5f7;ROOT6.40.04;tree=analysis;TBranch::GetExpectedType/TLeaf","UNKNOWN","UNKNOWN"
"extra","ScaleFactor_MLTRIGGER","no","yes","ScaleFactor_MLTRIGGER","Float_t","scalar","ScaleFactor_MLTRIGGER:Float_t:len=1","NOT_AUDITED","NOT_AUDITED","NOT_AUDITED","record93915;ODEO_FEB2025_v0_GamGam_data15_periodD.GamGam.root;sha256=01bfa7cee25c7f32c3701e458d171f65def834d96e6071e119532421a64bd5f7;ROOT6.40.04;tree=analysis;TBranch::GetExpectedType/TLeaf","UNKNOWN","UNKNOWN"
"extra","ScaleFactor_FTAG","no","yes","ScaleFactor_FTAG","Float_t","scalar","ScaleFactor_FTAG:Float_t:len=1","NOT_AUDITED","NOT_AUDITED","NOT_AUDITED","record93915;ODEO_FEB2025_v0_GamGam_data15_periodD.GamGam.root;sha256=01bfa7cee25c7f32c3701e458d171f65def834d96e6071e119532421a64bd5f7;ROOT6.40.04;tree=analysis;TBranch::GetExpectedType/TLeaf","UNKNOWN","UNKNOWN"
"extra","xsec","no","yes","xsec","Float_t","scalar","xsec:Float_t:len=1","NOT_AUDITED","NOT_AUDITED","NOT_AUDITED","record93915;ODEO_FEB2025_v0_GamGam_data15_periodD.GamGam.root;sha256=01bfa7cee25c7f32c3701e458d171f65def834d96e6071e119532421a64bd5f7;ROOT6.40.04;tree=analysis;TBranch::GetExpectedType/TLeaf","UNKNOWN","UNKNOWN"
"extra","filteff","no","yes","filteff","Float_t","scalar","filteff:Float_t:len=1","NOT_AUDITED","NOT_AUDITED","NOT_AUDITED","record93915;ODEO_FEB2025_v0_GamGam_data15_periodD.GamGam.root;sha256=01bfa7cee25c7f32c3701e458d171f65def834d96e6071e119532421a64bd5f7;ROOT6.40.04;tree=analysis;TBranch::GetExpectedType/TLeaf","UNKNOWN","UNKNOWN"
"extra","kfac","no","yes","kfac","Float_t","scalar","kfac:Float_t:len=1","NOT_AUDITED","NOT_AUDITED","NOT_AUDITED","record93915;ODEO_FEB2025_v0_GamGam_data15_periodD.GamGam.root;sha256=01bfa7cee25c7f32c3701e458d171f65def834d96e6071e119532421a64bd5f7;ROOT6.40.04;tree=analysis;TBranch::GetExpectedType/TLeaf","UNKNOWN","UNKNOWN"
"extra","trigML","no","yes","trigML","Bool_t","scalar","trigML:Bool_t:len=1","NOT_AUDITED","NOT_AUDITED","NOT_AUDITED","record93915;ODEO_FEB2025_v0_GamGam_data15_periodD.GamGam.root;sha256=01bfa7cee25c7f32c3701e458d171f65def834d96e6071e119532421a64bd5f7;ROOT6.40.04;tree=analysis;TBranch::GetExpectedType/TLeaf","UNKNOWN","UNKNOWN"
"extra","trigDT","no","yes","trigDT","Bool_t","scalar","trigDT:Bool_t:len=1","NOT_AUDITED","NOT_AUDITED","NOT_AUDITED","record93915;ODEO_FEB2025_v0_GamGam_data15_periodD.GamGam.root;sha256=01bfa7cee25c7f32c3701e458d171f65def834d96e6071e119532421a64bd5f7;ROOT6.40.04;tree=analysis;TBranch::GetExpectedType/TLeaf","UNKNOWN","UNKNOWN"
"extra","trigT","no","yes","trigT","Bool_t","scalar","trigT:Bool_t:len=1","NOT_AUDITED","NOT_AUDITED","NOT_AUDITED","record93915;ODEO_FEB2025_v0_GamGam_data15_periodD.GamGam.root;sha256=01bfa7cee25c7f32c3701e458d171f65def834d96e6071e119532421a64bd5f7;ROOT6.40.04;tree=analysis;TBranch::GetExpectedType/TLeaf","UNKNOWN","UNKNOWN"
"extra","trigE","no","yes","trigE","Bool_t","scalar","trigE:Bool_t:len=1","NOT_AUDITED","NOT_AUDITED","NOT_AUDITED","record93915;ODEO_FEB2025_v0_GamGam_data15_periodD.GamGam.root;sha256=01bfa7cee25c7f32c3701e458d171f65def834d96e6071e119532421a64bd5f7;ROOT6.40.04;tree=analysis;TBranch::GetExpectedType/TLeaf","UNKNOWN","UNKNOWN"
"extra","trigDM","no","yes","trigDM","Bool_t","scalar","trigDM:Bool_t:len=1","NOT_AUDITED","NOT_AUDITED","NOT_AUDITED","record93915;ODEO_FEB2025_v0_GamGam_data15_periodD.GamGam.root;sha256=01bfa7cee25c7f32c3701e458d171f65def834d96e6071e119532421a64bd5f7;ROOT6.40.04;tree=analysis;TBranch::GetExpectedType/TLeaf","UNKNOWN","UNKNOWN"
"extra","trigDE","no","yes","trigDE","Bool_t","scalar","trigDE:Bool_t:len=1","NOT_AUDITED","NOT_AUDITED","NOT_AUDITED","record93915;ODEO_FEB2025_v0_GamGam_data15_periodD.GamGam.root;sha256=01bfa7cee25c7f32c3701e458d171f65def834d96e6071e119532421a64bd5f7;ROOT6.40.04;tree=analysis;TBranch::GetExpectedType/TLeaf","UNKNOWN","UNKNOWN"
"extra","trigM","no","yes","trigM","Bool_t","scalar","trigM:Bool_t:len=1","NOT_AUDITED","NOT_AUDITED","NOT_AUDITED","record93915;ODEO_FEB2025_v0_GamGam_data15_periodD.GamGam.root;sha256=01bfa7cee25c7f32c3701e458d171f65def834d96e6071e119532421a64bd5f7;ROOT6.40.04;tree=analysis;TBranch::GetExpectedType/TLeaf","UNKNOWN","UNKNOWN"
"extra","trigMET","no","yes","trigMET","Bool_t","scalar","trigMET:Bool_t:len=1","NOT_AUDITED","NOT_AUDITED","NOT_AUDITED","record93915;ODEO_FEB2025_v0_GamGam_data15_periodD.GamGam.root;sha256=01bfa7cee25c7f32c3701e458d171f65def834d96e6071e119532421a64bd5f7;ROOT6.40.04;tree=analysis;TBranch::GetExpectedType/TLeaf","UNKNOWN","UNKNOWN"
"extra","largeRJet_n","no","yes","largeRJet_n","Int_t","scalar","largeRJet_n:Int_t:len=1","NOT_AUDITED","NOT_AUDITED","NOT_AUDITED","record93915;ODEO_FEB2025_v0_GamGam_data15_periodD.GamGam.root;sha256=01bfa7cee25c7f32c3701e458d171f65def834d96e6071e119532421a64bd5f7;ROOT6.40.04;tree=analysis;TBranch::GetExpectedType/TLeaf","UNKNOWN","UNKNOWN"
"extra","largeRJet_pt","no","yes","largeRJet_pt","ROOT::VecOps::RVec<float>","RVec","largeRJet_pt:ROOT::VecOps::RVec<float>:len=1","NOT_AUDITED","NOT_AUDITED","NOT_AUDITED","record93915;ODEO_FEB2025_v0_GamGam_data15_periodD.GamGam.root;sha256=01bfa7cee25c7f32c3701e458d171f65def834d96e6071e119532421a64bd5f7;ROOT6.40.04;tree=analysis;TBranch::GetExpectedType/TLeaf","UNKNOWN","UNKNOWN"
"extra","largeRJet_eta","no","yes","largeRJet_eta","ROOT::VecOps::RVec<float>","RVec","largeRJet_eta:ROOT::VecOps::RVec<float>:len=1","NOT_AUDITED","NOT_AUDITED","NOT_AUDITED","record93915;ODEO_FEB2025_v0_GamGam_data15_periodD.GamGam.root;sha256=01bfa7cee25c7f32c3701e458d171f65def834d96e6071e119532421a64bd5f7;ROOT6.40.04;tree=analysis;TBranch::GetExpectedType/TLeaf","UNKNOWN","UNKNOWN"
"extra","largeRJet_phi","no","yes","largeRJet_phi","ROOT::VecOps::RVec<float>","RVec","largeRJet_phi:ROOT::VecOps::RVec<float>:len=1","NOT_AUDITED","NOT_AUDITED","NOT_AUDITED","record93915;ODEO_FEB2025_v0_GamGam_data15_periodD.GamGam.root;sha256=01bfa7cee25c7f32c3701e458d171f65def834d96e6071e119532421a64bd5f7;ROOT6.40.04;tree=analysis;TBranch::GetExpectedType/TLeaf","UNKNOWN","UNKNOWN"
"extra","largeRJet_e","no","yes","largeRJet_e","ROOT::VecOps::RVec<float>","RVec","largeRJet_e:ROOT::VecOps::RVec<float>:len=1","NOT_AUDITED","NOT_AUDITED","NOT_AUDITED","record93915;ODEO_FEB2025_v0_GamGam_data15_periodD.GamGam.root;sha256=01bfa7cee25c7f32c3701e458d171f65def834d96e6071e119532421a64bd5f7;ROOT6.40.04;tree=analysis;TBranch::GetExpectedType/TLeaf","UNKNOWN","UNKNOWN"
"extra","largeRJet_m","no","yes","largeRJet_m","ROOT::VecOps::RVec<float>","RVec","largeRJet_m:ROOT::VecOps::RVec<float>:len=1","NOT_AUDITED","NOT_AUDITED","NOT_AUDITED","record93915;ODEO_FEB2025_v0_GamGam_data15_periodD.GamGam.root;sha256=01bfa7cee25c7f32c3701e458d171f65def834d96e6071e119532421a64bd5f7;ROOT6.40.04;tree=analysis;TBranch::GetExpectedType/TLeaf","UNKNOWN","UNKNOWN"
"extra","largeRJet_D2","no","yes","largeRJet_D2","ROOT::VecOps::RVec<float>","RVec","largeRJet_D2:ROOT::VecOps::RVec<float>:len=1","NOT_AUDITED","NOT_AUDITED","NOT_AUDITED","record93915;ODEO_FEB2025_v0_GamGam_data15_periodD.GamGam.root;sha256=01bfa7cee25c7f32c3701e458d171f65def834d96e6071e119532421a64bd5f7;ROOT6.40.04;tree=analysis;TBranch::GetExpectedType/TLeaf","UNKNOWN","UNKNOWN"
"extra","jet_pt_jer1","no","yes","jet_pt_jer1","ROOT::VecOps::RVec<float>","RVec","jet_pt_jer1:ROOT::VecOps::RVec<float>:len=1","NOT_AUDITED","NOT_AUDITED","NOT_AUDITED","record93915;ODEO_FEB2025_v0_GamGam_data15_periodD.GamGam.root;sha256=01bfa7cee25c7f32c3701e458d171f65def834d96e6071e119532421a64bd5f7;ROOT6.40.04;tree=analysis;TBranch::GetExpectedType/TLeaf","UNKNOWN","UNKNOWN"
"extra","jet_pt_jer2","no","yes","jet_pt_jer2","ROOT::VecOps::RVec<float>","RVec","jet_pt_jer2:ROOT::VecOps::RVec<float>:len=1","NOT_AUDITED","NOT_AUDITED","NOT_AUDITED","record93915;ODEO_FEB2025_v0_GamGam_data15_periodD.GamGam.root;sha256=01bfa7cee25c7f32c3701e458d171f65def834d96e6071e119532421a64bd5f7;ROOT6.40.04;tree=analysis;TBranch::GetExpectedType/TLeaf","UNKNOWN","UNKNOWN"
"extra","ScaleFactor_ELE","no","yes","ScaleFactor_ELE","Float_t","scalar","ScaleFactor_ELE:Float_t:len=1","NOT_AUDITED","NOT_AUDITED","NOT_AUDITED","record93915;ODEO_FEB2025_v0_GamGam_data15_periodD.GamGam.root;sha256=01bfa7cee25c7f32c3701e458d171f65def834d96e6071e119532421a64bd5f7;ROOT6.40.04;tree=analysis;TBranch::GetExpectedType/TLeaf","UNKNOWN","UNKNOWN"
"extra","ScaleFactor_MUON","no","yes","ScaleFactor_MUON","Float_t","scalar","ScaleFactor_MUON:Float_t:len=1","NOT_AUDITED","NOT_AUDITED","NOT_AUDITED","record93915;ODEO_FEB2025_v0_GamGam_data15_periodD.GamGam.root;sha256=01bfa7cee25c7f32c3701e458d171f65def834d96e6071e119532421a64bd5f7;ROOT6.40.04;tree=analysis;TBranch::GetExpectedType/TLeaf","UNKNOWN","UNKNOWN"
"extra","ScaleFactor_LepTRIGGER","no","yes","ScaleFactor_LepTRIGGER","Float_t","scalar","ScaleFactor_LepTRIGGER:Float_t:len=1","NOT_AUDITED","NOT_AUDITED","NOT_AUDITED","record93915;ODEO_FEB2025_v0_GamGam_data15_periodD.GamGam.root;sha256=01bfa7cee25c7f32c3701e458d171f65def834d96e6071e119532421a64bd5f7;ROOT6.40.04;tree=analysis;TBranch::GetExpectedType/TLeaf","UNKNOWN","UNKNOWN"
"extra","ScaleFactor_MuTRIGGER","no","yes","ScaleFactor_MuTRIGGER","Float_t","scalar","ScaleFactor_MuTRIGGER:Float_t:len=1","NOT_AUDITED","NOT_AUDITED","NOT_AUDITED","record93915;ODEO_FEB2025_v0_GamGam_data15_periodD.GamGam.root;sha256=01bfa7cee25c7f32c3701e458d171f65def834d96e6071e119532421a64bd5f7;ROOT6.40.04;tree=analysis;TBranch::GetExpectedType/TLeaf","UNKNOWN","UNKNOWN"
"extra","ScaleFactor_ElTRIGGER","no","yes","ScaleFactor_ElTRIGGER","Float_t","scalar","ScaleFactor_ElTRIGGER:Float_t:len=1","NOT_AUDITED","NOT_AUDITED","NOT_AUDITED","record93915;ODEO_FEB2025_v0_GamGam_data15_periodD.GamGam.root;sha256=01bfa7cee25c7f32c3701e458d171f65def834d96e6071e119532421a64bd5f7;ROOT6.40.04;tree=analysis;TBranch::GetExpectedType/TLeaf","UNKNOWN","UNKNOWN"
"extra","lep_n","no","yes","lep_n","Int_t","scalar","lep_n:Int_t:len=1","NOT_AUDITED","NOT_AUDITED","NOT_AUDITED","record93915;ODEO_FEB2025_v0_GamGam_data15_periodD.GamGam.root;sha256=01bfa7cee25c7f32c3701e458d171f65def834d96e6071e119532421a64bd5f7;ROOT6.40.04;tree=analysis;TBranch::GetExpectedType/TLeaf","UNKNOWN","UNKNOWN"
"extra","lep_type","no","yes","lep_type","ROOT::VecOps::RVec<int>","RVec","lep_type:ROOT::VecOps::RVec<int>:len=1","NOT_AUDITED","NOT_AUDITED","NOT_AUDITED","record93915;ODEO_FEB2025_v0_GamGam_data15_periodD.GamGam.root;sha256=01bfa7cee25c7f32c3701e458d171f65def834d96e6071e119532421a64bd5f7;ROOT6.40.04;tree=analysis;TBranch::GetExpectedType/TLeaf","UNKNOWN","UNKNOWN"
"extra","lep_pt","no","yes","lep_pt","ROOT::VecOps::RVec<float>","RVec","lep_pt:ROOT::VecOps::RVec<float>:len=1","NOT_AUDITED","NOT_AUDITED","NOT_AUDITED","record93915;ODEO_FEB2025_v0_GamGam_data15_periodD.GamGam.root;sha256=01bfa7cee25c7f32c3701e458d171f65def834d96e6071e119532421a64bd5f7;ROOT6.40.04;tree=analysis;TBranch::GetExpectedType/TLeaf","UNKNOWN","UNKNOWN"
"extra","lep_eta","no","yes","lep_eta","ROOT::VecOps::RVec<float>","RVec","lep_eta:ROOT::VecOps::RVec<float>:len=1","NOT_AUDITED","NOT_AUDITED","NOT_AUDITED","record93915;ODEO_FEB2025_v0_GamGam_data15_periodD.GamGam.root;sha256=01bfa7cee25c7f32c3701e458d171f65def834d96e6071e119532421a64bd5f7;ROOT6.40.04;tree=analysis;TBranch::GetExpectedType/TLeaf","UNKNOWN","UNKNOWN"
"extra","lep_phi","no","yes","lep_phi","ROOT::VecOps::RVec<float>","RVec","lep_phi:ROOT::VecOps::RVec<float>:len=1","NOT_AUDITED","NOT_AUDITED","NOT_AUDITED","record93915;ODEO_FEB2025_v0_GamGam_data15_periodD.GamGam.root;sha256=01bfa7cee25c7f32c3701e458d171f65def834d96e6071e119532421a64bd5f7;ROOT6.40.04;tree=analysis;TBranch::GetExpectedType/TLeaf","UNKNOWN","UNKNOWN"
"extra","lep_e","no","yes","lep_e","ROOT::VecOps::RVec<float>","RVec","lep_e:ROOT::VecOps::RVec<float>:len=1","NOT_AUDITED","NOT_AUDITED","NOT_AUDITED","record93915;ODEO_FEB2025_v0_GamGam_data15_periodD.GamGam.root;sha256=01bfa7cee25c7f32c3701e458d171f65def834d96e6071e119532421a64bd5f7;ROOT6.40.04;tree=analysis;TBranch::GetExpectedType/TLeaf","UNKNOWN","UNKNOWN"
"extra","lep_charge","no","yes","lep_charge","ROOT::VecOps::RVec<int>","RVec","lep_charge:ROOT::VecOps::RVec<int>:len=1","NOT_AUDITED","NOT_AUDITED","NOT_AUDITED","record93915;ODEO_FEB2025_v0_GamGam_data15_periodD.GamGam.root;sha256=01bfa7cee25c7f32c3701e458d171f65def834d96e6071e119532421a64bd5f7;ROOT6.40.04;tree=analysis;TBranch::GetExpectedType/TLeaf","UNKNOWN","UNKNOWN"
"extra","lep_ptvarcone30","no","yes","lep_ptvarcone30","ROOT::VecOps::RVec<float>","RVec","lep_ptvarcone30:ROOT::VecOps::RVec<float>:len=1","NOT_AUDITED","NOT_AUDITED","NOT_AUDITED","record93915;ODEO_FEB2025_v0_GamGam_data15_periodD.GamGam.root;sha256=01bfa7cee25c7f32c3701e458d171f65def834d96e6071e119532421a64bd5f7;ROOT6.40.04;tree=analysis;TBranch::GetExpectedType/TLeaf","UNKNOWN","UNKNOWN"
"extra","lep_topoetcone20","no","yes","lep_topoetcone20","ROOT::VecOps::RVec<float>","RVec","lep_topoetcone20:ROOT::VecOps::RVec<float>:len=1","NOT_AUDITED","NOT_AUDITED","NOT_AUDITED","record93915;ODEO_FEB2025_v0_GamGam_data15_periodD.GamGam.root;sha256=01bfa7cee25c7f32c3701e458d171f65def834d96e6071e119532421a64bd5f7;ROOT6.40.04;tree=analysis;TBranch::GetExpectedType/TLeaf","UNKNOWN","UNKNOWN"
"extra","lep_z0","no","yes","lep_z0","ROOT::VecOps::RVec<float>","RVec","lep_z0:ROOT::VecOps::RVec<float>:len=1","NOT_AUDITED","NOT_AUDITED","NOT_AUDITED","record93915;ODEO_FEB2025_v0_GamGam_data15_periodD.GamGam.root;sha256=01bfa7cee25c7f32c3701e458d171f65def834d96e6071e119532421a64bd5f7;ROOT6.40.04;tree=analysis;TBranch::GetExpectedType/TLeaf","UNKNOWN","UNKNOWN"
"extra","lep_d0","no","yes","lep_d0","ROOT::VecOps::RVec<float>","RVec","lep_d0:ROOT::VecOps::RVec<float>:len=1","NOT_AUDITED","NOT_AUDITED","NOT_AUDITED","record93915;ODEO_FEB2025_v0_GamGam_data15_periodD.GamGam.root;sha256=01bfa7cee25c7f32c3701e458d171f65def834d96e6071e119532421a64bd5f7;ROOT6.40.04;tree=analysis;TBranch::GetExpectedType/TLeaf","UNKNOWN","UNKNOWN"
"extra","lep_d0sig","no","yes","lep_d0sig","ROOT::VecOps::RVec<float>","RVec","lep_d0sig:ROOT::VecOps::RVec<float>:len=1","NOT_AUDITED","NOT_AUDITED","NOT_AUDITED","record93915;ODEO_FEB2025_v0_GamGam_data15_periodD.GamGam.root;sha256=01bfa7cee25c7f32c3701e458d171f65def834d96e6071e119532421a64bd5f7;ROOT6.40.04;tree=analysis;TBranch::GetExpectedType/TLeaf","UNKNOWN","UNKNOWN"
"extra","lep_isTightID","no","yes","lep_isTightID","ROOT::VecOps::RVec<bool>","RVec","lep_isTightID:ROOT::VecOps::RVec<bool>:len=1","NOT_AUDITED","NOT_AUDITED","NOT_AUDITED","record93915;ODEO_FEB2025_v0_GamGam_data15_periodD.GamGam.root;sha256=01bfa7cee25c7f32c3701e458d171f65def834d96e6071e119532421a64bd5f7;ROOT6.40.04;tree=analysis;TBranch::GetExpectedType/TLeaf","UNKNOWN","UNKNOWN"
"extra","lep_isMediumID","no","yes","lep_isMediumID","ROOT::VecOps::RVec<bool>","RVec","lep_isMediumID:ROOT::VecOps::RVec<bool>:len=1","NOT_AUDITED","NOT_AUDITED","NOT_AUDITED","record93915;ODEO_FEB2025_v0_GamGam_data15_periodD.GamGam.root;sha256=01bfa7cee25c7f32c3701e458d171f65def834d96e6071e119532421a64bd5f7;ROOT6.40.04;tree=analysis;TBranch::GetExpectedType/TLeaf","UNKNOWN","UNKNOWN"
"extra","lep_isLooseID","no","yes","lep_isLooseID","ROOT::VecOps::RVec<bool>","RVec","lep_isLooseID:ROOT::VecOps::RVec<bool>:len=1","NOT_AUDITED","NOT_AUDITED","NOT_AUDITED","record93915;ODEO_FEB2025_v0_GamGam_data15_periodD.GamGam.root;sha256=01bfa7cee25c7f32c3701e458d171f65def834d96e6071e119532421a64bd5f7;ROOT6.40.04;tree=analysis;TBranch::GetExpectedType/TLeaf","UNKNOWN","UNKNOWN"
"extra","lep_isTightIso","no","yes","lep_isTightIso","ROOT::VecOps::RVec<bool>","RVec","lep_isTightIso:ROOT::VecOps::RVec<bool>:len=1","NOT_AUDITED","NOT_AUDITED","NOT_AUDITED","record93915;ODEO_FEB2025_v0_GamGam_data15_periodD.GamGam.root;sha256=01bfa7cee25c7f32c3701e458d171f65def834d96e6071e119532421a64bd5f7;ROOT6.40.04;tree=analysis;TBranch::GetExpectedType/TLeaf","UNKNOWN","UNKNOWN"
"extra","lep_isLooseIso","no","yes","lep_isLooseIso","ROOT::VecOps::RVec<bool>","RVec","lep_isLooseIso:ROOT::VecOps::RVec<bool>:len=1","NOT_AUDITED","NOT_AUDITED","NOT_AUDITED","record93915;ODEO_FEB2025_v0_GamGam_data15_periodD.GamGam.root;sha256=01bfa7cee25c7f32c3701e458d171f65def834d96e6071e119532421a64bd5f7;ROOT6.40.04;tree=analysis;TBranch::GetExpectedType/TLeaf","UNKNOWN","UNKNOWN"
"extra","lep_isTrigMatched","no","yes","lep_isTrigMatched","ROOT::VecOps::RVec<bool>","RVec","lep_isTrigMatched:ROOT::VecOps::RVec<bool>:len=1","NOT_AUDITED","NOT_AUDITED","NOT_AUDITED","record93915;ODEO_FEB2025_v0_GamGam_data15_periodD.GamGam.root;sha256=01bfa7cee25c7f32c3701e458d171f65def834d96e6071e119532421a64bd5f7;ROOT6.40.04;tree=analysis;TBranch::GetExpectedType/TLeaf","UNKNOWN","UNKNOWN"
"extra","photon_ptcone20","no","yes","photon_ptcone20","ROOT::VecOps::RVec<float>","RVec","photon_ptcone20:ROOT::VecOps::RVec<float>:len=1","NOT_AUDITED","NOT_AUDITED","NOT_AUDITED","record93915;ODEO_FEB2025_v0_GamGam_data15_periodD.GamGam.root;sha256=01bfa7cee25c7f32c3701e458d171f65def834d96e6071e119532421a64bd5f7;ROOT6.40.04;tree=analysis;TBranch::GetExpectedType/TLeaf","UNKNOWN","UNKNOWN"
"extra","photon_topoetcone40","no","yes","photon_topoetcone40","ROOT::VecOps::RVec<float>","RVec","photon_topoetcone40:ROOT::VecOps::RVec<float>:len=1","NOT_AUDITED","NOT_AUDITED","NOT_AUDITED","record93915;ODEO_FEB2025_v0_GamGam_data15_periodD.GamGam.root;sha256=01bfa7cee25c7f32c3701e458d171f65def834d96e6071e119532421a64bd5f7;ROOT6.40.04;tree=analysis;TBranch::GetExpectedType/TLeaf","UNKNOWN","UNKNOWN"
"extra","ScaleFactor_TAU","no","yes","ScaleFactor_TAU","Float_t","scalar","ScaleFactor_TAU:Float_t:len=1","NOT_AUDITED","NOT_AUDITED","NOT_AUDITED","record93915;ODEO_FEB2025_v0_GamGam_data15_periodD.GamGam.root;sha256=01bfa7cee25c7f32c3701e458d171f65def834d96e6071e119532421a64bd5f7;ROOT6.40.04;tree=analysis;TBranch::GetExpectedType/TLeaf","UNKNOWN","UNKNOWN"
"extra","ScaleFactor_TauTRIGGER","no","yes","ScaleFactor_TauTRIGGER","Float_t","scalar","ScaleFactor_TauTRIGGER:Float_t:len=1","NOT_AUDITED","NOT_AUDITED","NOT_AUDITED","record93915;ODEO_FEB2025_v0_GamGam_data15_periodD.GamGam.root;sha256=01bfa7cee25c7f32c3701e458d171f65def834d96e6071e119532421a64bd5f7;ROOT6.40.04;tree=analysis;TBranch::GetExpectedType/TLeaf","UNKNOWN","UNKNOWN"
"extra","ScaleFactor_DiTauTRIGGER","no","yes","ScaleFactor_DiTauTRIGGER","Float_t","scalar","ScaleFactor_DiTauTRIGGER:Float_t:len=1","NOT_AUDITED","NOT_AUDITED","NOT_AUDITED","record93915;ODEO_FEB2025_v0_GamGam_data15_periodD.GamGam.root;sha256=01bfa7cee25c7f32c3701e458d171f65def834d96e6071e119532421a64bd5f7;ROOT6.40.04;tree=analysis;TBranch::GetExpectedType/TLeaf","UNKNOWN","UNKNOWN"
"extra","tau_n","no","yes","tau_n","Int_t","scalar","tau_n:Int_t:len=1","NOT_AUDITED","NOT_AUDITED","NOT_AUDITED","record93915;ODEO_FEB2025_v0_GamGam_data15_periodD.GamGam.root;sha256=01bfa7cee25c7f32c3701e458d171f65def834d96e6071e119532421a64bd5f7;ROOT6.40.04;tree=analysis;TBranch::GetExpectedType/TLeaf","UNKNOWN","UNKNOWN"
"extra","tau_pt","no","yes","tau_pt","ROOT::VecOps::RVec<float>","RVec","tau_pt:ROOT::VecOps::RVec<float>:len=1","NOT_AUDITED","NOT_AUDITED","NOT_AUDITED","record93915;ODEO_FEB2025_v0_GamGam_data15_periodD.GamGam.root;sha256=01bfa7cee25c7f32c3701e458d171f65def834d96e6071e119532421a64bd5f7;ROOT6.40.04;tree=analysis;TBranch::GetExpectedType/TLeaf","UNKNOWN","UNKNOWN"
"extra","tau_eta","no","yes","tau_eta","ROOT::VecOps::RVec<float>","RVec","tau_eta:ROOT::VecOps::RVec<float>:len=1","NOT_AUDITED","NOT_AUDITED","NOT_AUDITED","record93915;ODEO_FEB2025_v0_GamGam_data15_periodD.GamGam.root;sha256=01bfa7cee25c7f32c3701e458d171f65def834d96e6071e119532421a64bd5f7;ROOT6.40.04;tree=analysis;TBranch::GetExpectedType/TLeaf","UNKNOWN","UNKNOWN"
"extra","tau_phi","no","yes","tau_phi","ROOT::VecOps::RVec<float>","RVec","tau_phi:ROOT::VecOps::RVec<float>:len=1","NOT_AUDITED","NOT_AUDITED","NOT_AUDITED","record93915;ODEO_FEB2025_v0_GamGam_data15_periodD.GamGam.root;sha256=01bfa7cee25c7f32c3701e458d171f65def834d96e6071e119532421a64bd5f7;ROOT6.40.04;tree=analysis;TBranch::GetExpectedType/TLeaf","UNKNOWN","UNKNOWN"
"extra","tau_e","no","yes","tau_e","ROOT::VecOps::RVec<float>","RVec","tau_e:ROOT::VecOps::RVec<float>:len=1","NOT_AUDITED","NOT_AUDITED","NOT_AUDITED","record93915;ODEO_FEB2025_v0_GamGam_data15_periodD.GamGam.root;sha256=01bfa7cee25c7f32c3701e458d171f65def834d96e6071e119532421a64bd5f7;ROOT6.40.04;tree=analysis;TBranch::GetExpectedType/TLeaf","UNKNOWN","UNKNOWN"
"extra","tau_charge","no","yes","tau_charge","ROOT::VecOps::RVec<float>","RVec","tau_charge:ROOT::VecOps::RVec<float>:len=1","NOT_AUDITED","NOT_AUDITED","NOT_AUDITED","record93915;ODEO_FEB2025_v0_GamGam_data15_periodD.GamGam.root;sha256=01bfa7cee25c7f32c3701e458d171f65def834d96e6071e119532421a64bd5f7;ROOT6.40.04;tree=analysis;TBranch::GetExpectedType/TLeaf","UNKNOWN","UNKNOWN"
"extra","tau_nTracks","no","yes","tau_nTracks","ROOT::VecOps::RVec<int>","RVec","tau_nTracks:ROOT::VecOps::RVec<int>:len=1","NOT_AUDITED","NOT_AUDITED","NOT_AUDITED","record93915;ODEO_FEB2025_v0_GamGam_data15_periodD.GamGam.root;sha256=01bfa7cee25c7f32c3701e458d171f65def834d96e6071e119532421a64bd5f7;ROOT6.40.04;tree=analysis;TBranch::GetExpectedType/TLeaf","UNKNOWN","UNKNOWN"
"extra","tau_isTight","no","yes","tau_isTight","ROOT::VecOps::RVec<bool>","RVec","tau_isTight:ROOT::VecOps::RVec<bool>:len=1","NOT_AUDITED","NOT_AUDITED","NOT_AUDITED","record93915;ODEO_FEB2025_v0_GamGam_data15_periodD.GamGam.root;sha256=01bfa7cee25c7f32c3701e458d171f65def834d96e6071e119532421a64bd5f7;ROOT6.40.04;tree=analysis;TBranch::GetExpectedType/TLeaf","UNKNOWN","UNKNOWN"
"extra","tau_RNNJetScore","no","yes","tau_RNNJetScore","ROOT::VecOps::RVec<float>","RVec","tau_RNNJetScore:ROOT::VecOps::RVec<float>:len=1","NOT_AUDITED","NOT_AUDITED","NOT_AUDITED","record93915;ODEO_FEB2025_v0_GamGam_data15_periodD.GamGam.root;sha256=01bfa7cee25c7f32c3701e458d171f65def834d96e6071e119532421a64bd5f7;ROOT6.40.04;tree=analysis;TBranch::GetExpectedType/TLeaf","UNKNOWN","UNKNOWN"
"extra","tau_RNNEleScore","no","yes","tau_RNNEleScore","ROOT::VecOps::RVec<float>","RVec","tau_RNNEleScore:ROOT::VecOps::RVec<float>:len=1","NOT_AUDITED","NOT_AUDITED","NOT_AUDITED","record93915;ODEO_FEB2025_v0_GamGam_data15_periodD.GamGam.root;sha256=01bfa7cee25c7f32c3701e458d171f65def834d96e6071e119532421a64bd5f7;ROOT6.40.04;tree=analysis;TBranch::GetExpectedType/TLeaf","UNKNOWN","UNKNOWN"
"extra","truth_jet_n","no","yes","truth_jet_n","Int_t","scalar","truth_jet_n:Int_t:len=1","NOT_AUDITED","NOT_AUDITED","NOT_AUDITED","record93915;ODEO_FEB2025_v0_GamGam_data15_periodD.GamGam.root;sha256=01bfa7cee25c7f32c3701e458d171f65def834d96e6071e119532421a64bd5f7;ROOT6.40.04;tree=analysis;TBranch::GetExpectedType/TLeaf","UNKNOWN","UNKNOWN"
"extra","truth_jet_pt","no","yes","truth_jet_pt","ROOT::VecOps::RVec<float>","RVec","truth_jet_pt:ROOT::VecOps::RVec<float>:len=1","NOT_AUDITED","NOT_AUDITED","NOT_AUDITED","record93915;ODEO_FEB2025_v0_GamGam_data15_periodD.GamGam.root;sha256=01bfa7cee25c7f32c3701e458d171f65def834d96e6071e119532421a64bd5f7;ROOT6.40.04;tree=analysis;TBranch::GetExpectedType/TLeaf","UNKNOWN","UNKNOWN"
"extra","truth_jet_eta","no","yes","truth_jet_eta","ROOT::VecOps::RVec<float>","RVec","truth_jet_eta:ROOT::VecOps::RVec<float>:len=1","NOT_AUDITED","NOT_AUDITED","NOT_AUDITED","record93915;ODEO_FEB2025_v0_GamGam_data15_periodD.GamGam.root;sha256=01bfa7cee25c7f32c3701e458d171f65def834d96e6071e119532421a64bd5f7;ROOT6.40.04;tree=analysis;TBranch::GetExpectedType/TLeaf","UNKNOWN","UNKNOWN"
"extra","truth_jet_phi","no","yes","truth_jet_phi","ROOT::VecOps::RVec<float>","RVec","truth_jet_phi:ROOT::VecOps::RVec<float>:len=1","NOT_AUDITED","NOT_AUDITED","NOT_AUDITED","record93915;ODEO_FEB2025_v0_GamGam_data15_periodD.GamGam.root;sha256=01bfa7cee25c7f32c3701e458d171f65def834d96e6071e119532421a64bd5f7;ROOT6.40.04;tree=analysis;TBranch::GetExpectedType/TLeaf","UNKNOWN","UNKNOWN"
"extra","truth_jet_m","no","yes","truth_jet_m","ROOT::VecOps::RVec<float>","RVec","truth_jet_m:ROOT::VecOps::RVec<float>:len=1","NOT_AUDITED","NOT_AUDITED","NOT_AUDITED","record93915;ODEO_FEB2025_v0_GamGam_data15_periodD.GamGam.root;sha256=01bfa7cee25c7f32c3701e458d171f65def834d96e6071e119532421a64bd5f7;ROOT6.40.04;tree=analysis;TBranch::GetExpectedType/TLeaf","UNKNOWN","UNKNOWN"
"extra","truth_elec_n","no","yes","truth_elec_n","Int_t","scalar","truth_elec_n:Int_t:len=1","NOT_AUDITED","NOT_AUDITED","NOT_AUDITED","record93915;ODEO_FEB2025_v0_GamGam_data15_periodD.GamGam.root;sha256=01bfa7cee25c7f32c3701e458d171f65def834d96e6071e119532421a64bd5f7;ROOT6.40.04;tree=analysis;TBranch::GetExpectedType/TLeaf","UNKNOWN","UNKNOWN"
"extra","truth_elec_pt","no","yes","truth_elec_pt","ROOT::VecOps::RVec<float>","RVec","truth_elec_pt:ROOT::VecOps::RVec<float>:len=1","NOT_AUDITED","NOT_AUDITED","NOT_AUDITED","record93915;ODEO_FEB2025_v0_GamGam_data15_periodD.GamGam.root;sha256=01bfa7cee25c7f32c3701e458d171f65def834d96e6071e119532421a64bd5f7;ROOT6.40.04;tree=analysis;TBranch::GetExpectedType/TLeaf","UNKNOWN","UNKNOWN"
"extra","truth_elec_eta","no","yes","truth_elec_eta","ROOT::VecOps::RVec<float>","RVec","truth_elec_eta:ROOT::VecOps::RVec<float>:len=1","NOT_AUDITED","NOT_AUDITED","NOT_AUDITED","record93915;ODEO_FEB2025_v0_GamGam_data15_periodD.GamGam.root;sha256=01bfa7cee25c7f32c3701e458d171f65def834d96e6071e119532421a64bd5f7;ROOT6.40.04;tree=analysis;TBranch::GetExpectedType/TLeaf","UNKNOWN","UNKNOWN"
"extra","truth_elec_phi","no","yes","truth_elec_phi","ROOT::VecOps::RVec<float>","RVec","truth_elec_phi:ROOT::VecOps::RVec<float>:len=1","NOT_AUDITED","NOT_AUDITED","NOT_AUDITED","record93915;ODEO_FEB2025_v0_GamGam_data15_periodD.GamGam.root;sha256=01bfa7cee25c7f32c3701e458d171f65def834d96e6071e119532421a64bd5f7;ROOT6.40.04;tree=analysis;TBranch::GetExpectedType/TLeaf","UNKNOWN","UNKNOWN"
"extra","truth_muon_n","no","yes","truth_muon_n","Int_t","scalar","truth_muon_n:Int_t:len=1","NOT_AUDITED","NOT_AUDITED","NOT_AUDITED","record93915;ODEO_FEB2025_v0_GamGam_data15_periodD.GamGam.root;sha256=01bfa7cee25c7f32c3701e458d171f65def834d96e6071e119532421a64bd5f7;ROOT6.40.04;tree=analysis;TBranch::GetExpectedType/TLeaf","UNKNOWN","UNKNOWN"
"extra","truth_muon_pt","no","yes","truth_muon_pt","ROOT::VecOps::RVec<float>","RVec","truth_muon_pt:ROOT::VecOps::RVec<float>:len=1","NOT_AUDITED","NOT_AUDITED","NOT_AUDITED","record93915;ODEO_FEB2025_v0_GamGam_data15_periodD.GamGam.root;sha256=01bfa7cee25c7f32c3701e458d171f65def834d96e6071e119532421a64bd5f7;ROOT6.40.04;tree=analysis;TBranch::GetExpectedType/TLeaf","UNKNOWN","UNKNOWN"
"extra","truth_muon_eta","no","yes","truth_muon_eta","ROOT::VecOps::RVec<float>","RVec","truth_muon_eta:ROOT::VecOps::RVec<float>:len=1","NOT_AUDITED","NOT_AUDITED","NOT_AUDITED","record93915;ODEO_FEB2025_v0_GamGam_data15_periodD.GamGam.root;sha256=01bfa7cee25c7f32c3701e458d171f65def834d96e6071e119532421a64bd5f7;ROOT6.40.04;tree=analysis;TBranch::GetExpectedType/TLeaf","UNKNOWN","UNKNOWN"
"extra","truth_muon_phi","no","yes","truth_muon_phi","ROOT::VecOps::RVec<float>","RVec","truth_muon_phi:ROOT::VecOps::RVec<float>:len=1","NOT_AUDITED","NOT_AUDITED","NOT_AUDITED","record93915;ODEO_FEB2025_v0_GamGam_data15_periodD.GamGam.root;sha256=01bfa7cee25c7f32c3701e458d171f65def834d96e6071e119532421a64bd5f7;ROOT6.40.04;tree=analysis;TBranch::GetExpectedType/TLeaf","UNKNOWN","UNKNOWN"
"extra","truth_tau_n","no","yes","truth_tau_n","Int_t","scalar","truth_tau_n:Int_t:len=1","NOT_AUDITED","NOT_AUDITED","NOT_AUDITED","record93915;ODEO_FEB2025_v0_GamGam_data15_periodD.GamGam.root;sha256=01bfa7cee25c7f32c3701e458d171f65def834d96e6071e119532421a64bd5f7;ROOT6.40.04;tree=analysis;TBranch::GetExpectedType/TLeaf","UNKNOWN","UNKNOWN"
"extra","truth_tau_pt","no","yes","truth_tau_pt","ROOT::VecOps::RVec<float>","RVec","truth_tau_pt:ROOT::VecOps::RVec<float>:len=1","NOT_AUDITED","NOT_AUDITED","NOT_AUDITED","record93915;ODEO_FEB2025_v0_GamGam_data15_periodD.GamGam.root;sha256=01bfa7cee25c7f32c3701e458d171f65def834d96e6071e119532421a64bd5f7;ROOT6.40.04;tree=analysis;TBranch::GetExpectedType/TLeaf","UNKNOWN","UNKNOWN"
"extra","truth_tau_eta","no","yes","truth_tau_eta","ROOT::VecOps::RVec<float>","RVec","truth_tau_eta:ROOT::VecOps::RVec<float>:len=1","NOT_AUDITED","NOT_AUDITED","NOT_AUDITED","record93915;ODEO_FEB2025_v0_GamGam_data15_periodD.GamGam.root;sha256=01bfa7cee25c7f32c3701e458d171f65def834d96e6071e119532421a64bd5f7;ROOT6.40.04;tree=analysis;TBranch::GetExpectedType/TLeaf","UNKNOWN","UNKNOWN"
"extra","truth_tau_phi","no","yes","truth_tau_phi","ROOT::VecOps::RVec<float>","RVec","truth_tau_phi:ROOT::VecOps::RVec<float>:len=1","NOT_AUDITED","NOT_AUDITED","NOT_AUDITED","record93915;ODEO_FEB2025_v0_GamGam_data15_periodD.GamGam.root;sha256=01bfa7cee25c7f32c3701e458d171f65def834d96e6071e119532421a64bd5f7;ROOT6.40.04;tree=analysis;TBranch::GetExpectedType/TLeaf","UNKNOWN","UNKNOWN"
"extra","truth_photon_n","no","yes","truth_photon_n","Int_t","scalar","truth_photon_n:Int_t:len=1","NOT_AUDITED","NOT_AUDITED","NOT_AUDITED","record93915;ODEO_FEB2025_v0_GamGam_data15_periodD.GamGam.root;sha256=01bfa7cee25c7f32c3701e458d171f65def834d96e6071e119532421a64bd5f7;ROOT6.40.04;tree=analysis;TBranch::GetExpectedType/TLeaf","UNKNOWN","UNKNOWN"
"extra","truth_photon_pt","no","yes","truth_photon_pt","ROOT::VecOps::RVec<float>","RVec","truth_photon_pt:ROOT::VecOps::RVec<float>:len=1","NOT_AUDITED","NOT_AUDITED","NOT_AUDITED","record93915;ODEO_FEB2025_v0_GamGam_data15_periodD.GamGam.root;sha256=01bfa7cee25c7f32c3701e458d171f65def834d96e6071e119532421a64bd5f7;ROOT6.40.04;tree=analysis;TBranch::GetExpectedType/TLeaf","UNKNOWN","UNKNOWN"
"extra","truth_photon_eta","no","yes","truth_photon_eta","ROOT::VecOps::RVec<float>","RVec","truth_photon_eta:ROOT::VecOps::RVec<float>:len=1","NOT_AUDITED","NOT_AUDITED","NOT_AUDITED","record93915;ODEO_FEB2025_v0_GamGam_data15_periodD.GamGam.root;sha256=01bfa7cee25c7f32c3701e458d171f65def834d96e6071e119532421a64bd5f7;ROOT6.40.04;tree=analysis;TBranch::GetExpectedType/TLeaf","UNKNOWN","UNKNOWN"
"extra","truth_photon_phi","no","yes","truth_photon_phi","ROOT::VecOps::RVec<float>","RVec","truth_photon_phi:ROOT::VecOps::RVec<float>:len=1","NOT_AUDITED","NOT_AUDITED","NOT_AUDITED","record93915;ODEO_FEB2025_v0_GamGam_data15_periodD.GamGam.root;sha256=01bfa7cee25c7f32c3701e458d171f65def834d96e6071e119532421a64bd5f7;ROOT6.40.04;tree=analysis;TBranch::GetExpectedType/TLeaf","UNKNOWN","UNKNOWN"
"extra","truth_met","no","yes","truth_met","Float_t","scalar","truth_met:Float_t:len=1","NOT_AUDITED","NOT_AUDITED","NOT_AUDITED","record93915;ODEO_FEB2025_v0_GamGam_data15_periodD.GamGam.root;sha256=01bfa7cee25c7f32c3701e458d171f65def834d96e6071e119532421a64bd5f7;ROOT6.40.04;tree=analysis;TBranch::GetExpectedType/TLeaf","UNKNOWN","UNKNOWN"
"extra","truth_met_phi","no","yes","truth_met_phi","Float_t","scalar","truth_met_phi:Float_t:len=1","NOT_AUDITED","NOT_AUDITED","NOT_AUDITED","record93915;ODEO_FEB2025_v0_GamGam_data15_periodD.GamGam.root;sha256=01bfa7cee25c7f32c3701e458d171f65def834d96e6071e119532421a64bd5f7;ROOT6.40.04;tree=analysis;TBranch::GetExpectedType/TLeaf","UNKNOWN","UNKNOWN"
"extra","met","no","yes","met","Float_t","scalar","met:Float_t:len=1","NOT_AUDITED","NOT_AUDITED","NOT_AUDITED","record93915;ODEO_FEB2025_v0_GamGam_data15_periodD.GamGam.root;sha256=01bfa7cee25c7f32c3701e458d171f65def834d96e6071e119532421a64bd5f7;ROOT6.40.04;tree=analysis;TBranch::GetExpectedType/TLeaf","UNKNOWN","UNKNOWN"
"extra","met_phi","no","yes","met_phi","Float_t","scalar","met_phi:Float_t:len=1","NOT_AUDITED","NOT_AUDITED","NOT_AUDITED","record93915;ODEO_FEB2025_v0_GamGam_data15_periodD.GamGam.root;sha256=01bfa7cee25c7f32c3701e458d171f65def834d96e6071e119532421a64bd5f7;ROOT6.40.04;tree=analysis;TBranch::GetExpectedType/TLeaf","UNKNOWN","UNKNOWN"
"extra","met_mpx","no","yes","met_mpx","Float_t","scalar","met_mpx:Float_t:len=1","NOT_AUDITED","NOT_AUDITED","NOT_AUDITED","record93915;ODEO_FEB2025_v0_GamGam_data15_periodD.GamGam.root;sha256=01bfa7cee25c7f32c3701e458d171f65def834d96e6071e119532421a64bd5f7;ROOT6.40.04;tree=analysis;TBranch::GetExpectedType/TLeaf","UNKNOWN","UNKNOWN"
"extra","met_mpy","no","yes","met_mpy","Float_t","scalar","met_mpy:Float_t:len=1","NOT_AUDITED","NOT_AUDITED","NOT_AUDITED","record93915;ODEO_FEB2025_v0_GamGam_data15_periodD.GamGam.root;sha256=01bfa7cee25c7f32c3701e458d171f65def834d96e6071e119532421a64bd5f7;ROOT6.40.04;tree=analysis;TBranch::GetExpectedType/TLeaf","UNKNOWN","UNKNOWN"
